CustomerID,Recency,Frequency,Monetary,Segment,Cluster
12346.0,108,1,77183.6,Occasional,2
12347.0,29,3,1823.43,Occasional,0
12348.0,31,3,1487.24,Occasional,0
12350.0,92,1,334.40000000000003,Occasional,1
12352.0,44,5,1561.8100000000004,Regular,0
12354.0,15,1,1079.4,Occasional,0
12356.0,28,2,2753.08,Occasional,0
12359.0,88,2,2386.41,Occasional,1
12361.0,70,1,189.9,Occasional,1
12362.0,8,2,974.34,Occasional,0
12363.0,25,1,299.1,Occasional,0
12365.0,74,2,641.3799999999999,Occasional,1
12370.0,57,3,2806.41,Occasional,0
12372.0,79,1,399.22,Occasional,1
12373.0,94,1,364.6,Occasional,1
12377.0,97,2,1628.12,Occasional,1
12383.0,21,4,1751.11,Occasional,0
12386.0,120,2,401.9,Occasional,1
12388.0,57,3,766.2500000000002,Occasional,0
12393.0,28,3,1061.1,Occasional,0
12395.0,1,5,1387.9,Regular,0
12399.0,44,1,288.04999999999995,Occasional,0
12401.0,86,1,84.3,Occasional,1
12402.0,106,1,225.6,Occasional,1
12407.0,18,2,495.9600000000001,Occasional,0
12408.0,43,2,837.5899999999999,Occasional,0
12410.0,91,2,693.3299999999999,Occasional,1
12413.0,19,2,563.9,Occasional,0
12414.0,10,2,396.56,Occasional,0
12415.0,35,5,38192.74,Regular,3
12417.0,8,4,1461.0800000000002,Occasional,0
12421.0,102,1,157.45000000000002,Occasional,1
12422.0,107,1,238.5,Occasional,1
12423.0,29,4,1032.95,Occasional,0
12427.0,154,1,303.5,At-Risk,1
12428.0,25,6,6310.54,Regular,0
12429.0,10,2,1719.48,Occasional,0
12431.0,68,5,2211.28,Occasional,0
12433.0,148,2,3787.12,At-Risk,1
12434.0,43,1,286.25,Occasional,0
12435.0,50,1,3978.99,Occasional,0
12437.0,8,6,1339.7700000000002,Regular,0
12441.0,149,1,173.55,At-Risk,1
12447.0,26,1,476.49,Occasional,0
12451.0,107,1,2919.51,Occasional,1
12455.0,77,2,1698.9,Occasional,1
12456.0,37,1,940.17,Occasional,0
12457.0,16,3,1067.25,Occasional,0
12458.0,67,1,441.92,Occasional,0
12462.0,86,1,762.11,Occasional,1
12463.0,24,1,350.57,Occasional,0
12464.0,67,2,363.85,Occasional,0
12468.0,99,1,220.58999999999995,Occasional,1
12471.0,32,11,7516.120000000001,Regular,0
12472.0,50,3,3048.84,Occasional,0
12474.0,39,6,1951.05,Regular,0
12476.0,17,4,2133.9,Occasional,0
12477.0,22,2,4576.969999999999,Occasional,0
12480.0,50,2,1587.2699999999998,Occasional,0
12481.0,39,5,2226.77,Regular,0
12483.0,9,2,870.56,Occasional,0
12484.0,119,1,1138.67,Occasional,1
12489.0,119,1,334.92999999999995,Occasional,1
12490.0,112,1,864.22,Occasional,1
12494.0,78,3,312.55,Occasional,1
12500.0,49,4,1210.2,Occasional,0
12501.0,119,1,2169.3900000000003,Occasional,1
12502.0,51,2,1320.05,Occasional,0
12506.0,15,1,73.50000000000001,Occasional,0
12507.0,81,1,446.16,Occasional,1
12509.0,67,1,176.5,Occasional,0
12510.0,108,1,681.0500000000001,Occasional,1
12514.0,49,1,1017.68,Occasional,0
12515.0,136,1,383.7000000000001,At-Risk,1
12520.0,42,2,1233.96,Occasional,0
12523.0,35,4,500.19,Occasional,0
12524.0,5,4,2432.5,Occasional,0
12527.0,77,2,284.92,Occasional,1
12528.0,59,2,771.66,Occasional,0
12530.0,16,2,805.0000000000001,Occasional,0
12539.0,44,3,4517.6900000000005,Occasional,0
12540.0,1,5,4838.04,Regular,0
12541.0,63,1,312.4,Occasional,0
12545.0,42,1,628.1500000000001,Occasional,0
12547.0,63,1,159.4,Occasional,0
12551.0,140,1,168.0,At-Risk,1
12553.0,42,4,1381.7699999999998,Occasional,0
12557.0,38,3,4854.62,Occasional,0
12559.0,93,2,561.7099999999999,Occasional,1
12561.0,85,1,238.85,Occasional,1
12564.0,44,1,456.9,Occasional,0
12565.0,71,1,145.92000000000002,Occasional,1
12567.0,91,3,3179.11,Occasional,1
12569.0,1,5,1164.32,Regular,0
12573.0,9,1,160.54,Occasional,0
12574.0,98,1,218.45,Occasional,1
12576.0,1,2,421.65,Occasional,0
12577.0,141,1,195.89,At-Risk,1
12578.0,113,1,1608.6600000000003,Occasional,1
12580.0,29,1,415.7000000000001,Occasional,0
12582.0,21,2,511.3599999999999,Occasional,0
12583.0,56,4,2620.43,Occasional,0
12584.0,63,1,463.63000000000005,Occasional,0
12585.0,17,2,2040.1,Occasional,0
12591.0,100,1,452.85,Occasional,1
12593.0,1,1,236.0,Occasional,0
12594.0,17,5,1177.54,Regular,0
12596.0,25,1,269.95,Occasional,0
12597.0,51,1,516.1500000000001,Occasional,0
12598.0,3,3,1285.74,Occasional,0
12599.0,68,2,312.46000000000004,Occasional,0
12600.0,7,5,1113.7,Regular,0
12601.0,36,3,368.36,Occasional,0
12604.0,44,1,178.5,Occasional,0
12609.0,101,1,287.93,Occasional,1
12613.0,44,2,821.6600000000002,Occasional,0
12614.0,60,1,315.6,Occasional,0
12616.0,80,1,255.6,Occasional,1
12619.0,17,2,631.66,Occasional,0
12621.0,9,6,5088.6900000000005,Regular,0
12622.0,14,1,180.09999999999997,Occasional,0
12623.0,59,1,305.1,Occasional,0
12625.0,102,1,1716.62,Occasional,1
12626.0,99,2,1274.1,Occasional,1
12633.0,70,1,1012.82,Occasional,0
12637.0,22,4,2391.75,Occasional,0
12639.0,21,1,486.1,Occasional,0
12643.0,3,3,1411.9199999999998,Occasional,0
12645.0,2,2,798.9,Occasional,0
12647.0,28,6,2009.06,Regular,0
12651.0,117,1,114.0,Occasional,1
12652.0,114,1,919.98,Occasional,1
12653.0,79,1,779.0999999999999,Occasional,1
12654.0,78,1,166.60000000000002,Occasional,1
12656.0,16,1,541.2,Occasional,0
12662.0,21,4,1344.4,Occasional,0
12664.0,15,2,1303.58,Occasional,0
12665.0,107,1,63.0,Occasional,1
12668.0,42,3,2924.4700000000007,Occasional,0
12669.0,31,2,2272.6000000000004,Occasional,0
12670.0,15,1,633.05,Occasional,0
12672.0,112,1,225.9,Occasional,1
12673.0,109,1,220.9,Occasional,1
12676.0,43,2,707.4000000000001,Occasional,0
12678.0,32,5,3951.84,Regular,0
12679.0,66,1,794.06,Occasional,0
12681.0,19,10,7060.91,High-Value,0
12682.0,32,7,3977.09,Regular,0
12683.0,3,8,4121.04,Regular,0
12686.0,154,1,89.14,At-Risk,1
12691.0,100,3,406.19999999999993,Occasional,1
12693.0,47,2,401.9,Occasional,0
12701.0,25,1,337.08,Occasional,0
12705.0,28,2,2179.2499999999995,Occasional,0
12707.0,74,1,603.42,Occasional,1
12708.0,14,4,966.22,Occasional,0
12709.0,22,6,3681.79,Regular,0
12712.0,51,6,1555.4299999999998,Regular,0
12714.0,77,1,968.3,Occasional,1
12717.0,28,1,609.74,Occasional,0
12720.0,2,8,2051.29,Regular,0
12721.0,29,3,1107.8200000000002,Occasional,0
12724.0,115,1,154.9,Occasional,1
12725.0,153,1,427.8,At-Risk,1
12726.0,46,3,887.8800000000001,Occasional,0
12727.0,64,4,2007.32,Occasional,0
12728.0,40,3,617.31,Occasional,0
12731.0,35,5,6848.79,Regular,0
12733.0,16,1,383.9500000000001,Occasional,0
12734.0,135,1,110.4,At-Risk,1
12735.0,98,2,779.57,Occasional,1
12736.0,115,1,234.00000000000003,Occasional,1
12738.0,154,1,155.35,At-Risk,1
12744.0,31,4,10262.65,Occasional,0
12747.0,1,5,1763.05,Regular,0
12748.0,5,63,7318.380000000001,High-Value,3
12753.0,31,4,12940.51,Occasional,0
12754.0,18,3,3010.74,Occasional,0
12755.0,63,2,3811.95,Occasional,0
12758.0,59,1,1570.19,Occasional,0
12759.0,58,1,444.8,Occasional,0
12763.0,151,1,320.08000000000004,At-Risk,1
12764.0,99,1,1693.88,Occasional,1
12766.0,23,4,4015.710000000001,Occasional,0
12769.0,21,1,1143.6,Occasional,0
12775.0,45,2,450.16,Occasional,0
12778.0,42,3,408.06,Occasional,0
12779.0,31,5,2222.2000000000003,Regular,0
12781.0,67,1,549.26,Occasional,0
12782.0,36,3,1562.95,Occasional,0
12785.0,147,1,311.95,At-Risk,1
12791.0,156,1,192.6,At-Risk,1
12792.0,39,1,400.54,Occasional,0
12793.0,117,2,545.48,Occasional,1
12797.0,148,1,254.03,At-Risk,1
12808.0,151,1,129.4,At-Risk,1
12811.0,43,3,514.8499999999999,Occasional,0
12817.0,63,1,166.04,Occasional,0
12818.0,44,1,1542.08,Occasional,0
12820.0,109,1,170.46,Occasional,1
12823.0,37,3,994.5,Occasional,0
12826.0,99,3,697.1,Occasional,1
12829.0,119,2,293.0,Occasional,1
12831.0,45,1,215.05,Occasional,0
12834.0,65,1,312.38,Occasional,0
12836.0,2,2,1661.4,Occasional,0
12838.0,156,1,390.79,At-Risk,1
12839.0,70,3,1089.01,Occasional,0
12840.0,9,1,854.07,Occasional,0
12841.0,5,12,1961.26,High-Value,0
12842.0,91,1,310.73,Occasional,1
12843.0,3,2,307.55,Occasional,0
12845.0,50,4,354.09,Occasional,0
12849.0,51,1,704.5,Occasional,0
12852.0,77,1,311.55,Occasional,1
12853.0,22,3,885.0,Occasional,0
12854.0,24,2,810.3699999999999,Occasional,0
12855.0,155,1,38.1,At-Risk,1
12857.0,85,1,801.6,Occasional,1
12866.0,66,1,559.12,Occasional,0
12867.0,46,3,1287.29,Occasional,0
12868.0,1,5,1359.0000000000002,Regular,0
12872.0,109,2,599.9700000000001,Occasional,1
12873.0,65,1,374.0,Occasional,0
12875.0,145,1,293.76000000000005,At-Risk,1
12877.0,1,6,589.1200000000001,Regular,0
12878.0,19,2,854.99,Occasional,0
12881.0,58,1,298.0,Occasional,0
12886.0,2,1,775.0000000000002,Occasional,0
12888.0,38,1,272.76,Occasional,0
12891.0,3,2,246.00000000000003,Occasional,0
12897.0,84,1,128.8,Occasional,1
12901.0,9,7,4638.48,Regular,0
12902.0,47,1,138.67999999999998,Occasional,0
12908.0,95,1,318.0,Occasional,1
12909.0,36,2,903.4500000000002,Occasional,0
12910.0,24,1,720.22,Occasional,0
12913.0,65,3,866.39,Occasional,0
12915.0,155,1,199.65,At-Risk,1
12916.0,40,2,1497.63,Occasional,0
12921.0,47,9,4237.25,Regular,0
12924.0,58,2,287.99,Occasional,0
12928.0,24,2,780.0400000000001,Occasional,0
12929.0,94,1,117.85,Occasional,1
12931.0,22,5,3423.9,Regular,0
12933.0,66,1,110.75,Occasional,0
12935.0,102,1,431.63,Occasional,1
12937.0,50,1,217.43,Occasional,0
12939.0,55,3,7228.320000000001,Occasional,0
12942.0,148,1,258.75,At-Risk,1
12944.0,137,1,286.95,At-Risk,1
12945.0,71,1,462.9500000000001,Occasional,1
12947.0,17,3,1035.27,Occasional,0
12948.0,43,2,528.96,Occasional,0
12949.0,35,1,1534.3,Occasional,0
12951.0,31,3,461.28,Occasional,0
12955.0,1,2,680.4200000000001,Occasional,0
12956.0,88,1,108.07,Occasional,1
12957.0,39,2,744.19,Occasional,0
12963.0,148,1,365.8,At-Risk,1
12967.0,140,2,1660.9,At-Risk,1
12970.0,105,2,23.8,Occasional,1
12971.0,1,34,4095.16,High-Value,3
12980.0,65,5,3673.74,Occasional,0
12982.0,25,1,390.54,Occasional,0
12988.0,75,1,535.3200000000002,Occasional,1
12989.0,21,5,2629.06,Regular,0
12990.0,93,1,97.5,Occasional,1
12993.0,81,1,102.9,Occasional,1
12994.0,51,1,352.6,Occasional,0
12997.0,19,2,608.47,Occasional,0
12999.0,28,1,320.28,Occasional,0
13000.0,42,2,458.5300000000001,Occasional,0
13001.0,22,8,6079.77,Regular,0
13002.0,101,1,120.95,Occasional,1
13004.0,32,6,2043.82,Regular,0
13005.0,29,1,321.65,Occasional,0
13008.0,106,1,229.47000000000003,Occasional,1
13011.0,154,1,50.55,At-Risk,1
13012.0,2,2,690.8900000000001,Occasional,0
13013.0,31,3,2177.66,Occasional,0
13014.0,3,3,1328.03,Occasional,0
13015.0,28,3,979.37,Occasional,0
13018.0,9,7,2598.9700000000003,Regular,0
13021.0,46,2,416.69999999999993,Occasional,0
13026.0,3,2,243.72,Occasional,0
13027.0,16,3,3840.0,Occasional,0
13029.0,136,1,382.5,At-Risk,1
13030.0,151,1,427.7399999999999,At-Risk,1
13033.0,140,1,190.55,At-Risk,1
13034.0,152,1,165.86,At-Risk,1
13035.0,43,1,333.00000000000006,Occasional,0
13037.0,2,2,577.32,Occasional,0
13038.0,73,1,395.1,Occasional,1
13043.0,56,1,516.4200000000001,Occasional,0
13044.0,74,1,560.47,Occasional,1
13046.0,49,1,197.72,Occasional,0
13047.0,2,6,1671.68,Regular,0
13048.0,21,2,939.92,Occasional,0
13049.0,100,1,153.78000000000003,Occasional,1
13050.0,45,8,2530.88,Regular,0
13059.0,32,1,183.4,Occasional,0
13060.0,36,1,307.53000000000003,Occasional,0
13064.0,110,1,203.3,Occasional,1
13065.0,155,1,205.86,At-Risk,1
13068.0,102,1,165.0,Occasional,1
13069.0,18,10,2139.92,High-Value,0
13072.0,49,1,177.14999999999998,Occasional,0
13077.0,72,3,577.44,Occasional,0
13078.0,8,9,3980.46,Regular,0
13081.0,46,6,9807.66,Regular,0
13082.0,18,5,1960.18,Regular,0
13085.0,78,1,278.1,Occasional,1
13089.0,3,41,24646.14,High-Value,3
13090.0,21,7,3111.6000000000004,Regular,0
13092.0,10,3,398.95,Occasional,0
13093.0,58,8,7832.470000000001,Regular,0
13094.0,65,5,528.96,Occasional,0
13097.0,16,5,3004.26,Regular,0
13098.0,30,5,3322.52,Regular,0
13101.0,17,1,101.19,Occasional,0
13102.0,3,13,3469.82,High-Value,0
13104.0,50,2,213.72000000000003,Occasional,0
13107.0,116,1,566.84,Occasional,1
13108.0,155,1,350.05999999999995,At-Risk,1
13110.0,39,3,732.49,Occasional,0
13113.0,3,13,5619.21,High-Value,0
13117.0,21,5,655.81,Regular,0
13118.0,35,2,614.48,Occasional,0
13120.0,21,1,30.6,Occasional,0
13121.0,51,1,283.73,Occasional,0
13122.0,23,1,903.67,Occasional,0
13124.0,35,2,2574.12,Occasional,0
13126.0,35,5,1077.4199999999998,Regular,0
13132.0,44,1,77.3,Occasional,0
13133.0,56,2,109.8,Occasional,0
13134.0,16,2,525.7,Occasional,0
13137.0,35,2,863.8399999999998,Occasional,0
13138.0,23,2,386.85,Occasional,0
13139.0,42,1,409.5,Occasional,0
13140.0,149,1,159.51,At-Risk,1
13141.0,17,3,1040.85,Occasional,0
13144.0,115,1,110.95,Occasional,1
13145.0,154,1,295.0,At-Risk,1
13148.0,15,6,1798.3300000000004,Regular,0
13149.0,72,1,376.74,Occasional,1
13151.0,78,1,1257.8700000000003,Occasional,1
13155.0,109,2,569.2,Occasional,1
13157.0,24,2,497.94,Occasional,0
13158.0,101,1,256.41,Occasional,1
13161.0,96,1,112.75,Occasional,1
13162.0,16,2,1301.6899999999998,Occasional,0
13165.0,134,1,354.64,At-Risk,1
13166.0,66,1,417.2000000000001,Occasional,0
13168.0,75,2,841.23,Occasional,1
13169.0,35,1,505.19999999999993,Occasional,0
13171.0,82,1,140.35,Occasional,1
13173.0,150,1,165.94000000000003,At-Risk,1
13174.0,99,2,2108.27,Occasional,1
13178.0,28,3,1606.9999999999995,Occasional,0
13183.0,43,2,1138.88,Occasional,0
13184.0,10,4,746.3100000000001,Occasional,0
13185.0,50,1,71.4,Occasional,0
13187.0,119,1,236.02,Occasional,1
13196.0,45,1,512.13,Occasional,0
13198.0,32,3,2087.75,Occasional,0
13199.0,1,14,3379.6800000000003,High-Value,0
13203.0,25,1,165.70999999999998,Occasional,0
13208.0,23,2,373.73,Occasional,0
13209.0,10,3,2362.44,Occasional,0
13211.0,143,1,110.7,At-Risk,1
13216.0,50,1,333.74,Occasional,0
13220.0,2,2,559.69,Occasional,0
13221.0,22,2,847.4100000000001,Occasional,0
13223.0,15,1,100.8,Occasional,0
13225.0,53,3,3204.88,Occasional,0
13226.0,56,1,108.21,Occasional,0
13229.0,8,1,160.95,Occasional,0
13230.0,10,8,1614.9300000000003,Regular,0
13232.0,26,1,117.43,Occasional,0
13233.0,119,1,304.24000000000007,Occasional,1
13238.0,143,1,91.15,At-Risk,1
13239.0,44,1,329.56,Occasional,0
13240.0,40,2,442.4100000000001,Occasional,0
13246.0,75,3,1083.56,Occasional,0
13249.0,44,1,291.84000000000003,Occasional,0
13253.0,122,1,476.4799999999999,At-Risk,1
13255.0,156,1,225.7,At-Risk,1
13261.0,51,2,944.1,Occasional,0
13262.0,46,1,200.29,Occasional,0
13263.0,2,10,2590.13,High-Value,0
13265.0,28,2,1124.88,Occasional,0
13266.0,1,4,1231.5500000000002,Occasional,0
13267.0,15,8,1880.69,Regular,0
13268.0,2,4,1541.46,Occasional,0
13269.0,16,4,1737.45,Occasional,0
13270.0,149,1,590.0,At-Risk,1
13280.0,98,2,699.3600000000001,Occasional,1
13282.0,3,1,344.7,Occasional,0
13284.0,113,1,201.19,Occasional,1
13285.0,9,2,1173.2700000000002,Occasional,0
13292.0,67,1,249.57,Occasional,0
13294.0,32,1,483.65,Occasional,0
13295.0,142,1,201.2,At-Risk,1
13299.0,51,1,142.5,Occasional,0
13301.0,5,2,327.77,Occasional,0
13304.0,134,1,300.42,At-Risk,1
13305.0,28,4,640.2499999999999,Occasional,0
13309.0,91,1,390.71,Occasional,1
13310.0,107,1,410.18000000000006,Occasional,1
13313.0,122,1,307.3,At-Risk,1
13316.0,37,1,1622.4799999999998,Occasional,0
13317.0,22,3,682.68,Occasional,0
13319.0,32,10,3794.92,Regular,0
13324.0,25,4,2437.4700000000003,Occasional,0
13327.0,42,4,1421.9499999999998,Occasional,0
13328.0,99,1,1308.48,Occasional,1
13329.0,149,1,304.2,At-Risk,1
13330.0,98,1,335.82,Occasional,1
13334.0,88,1,1660.44,Occasional,1
13340.0,59,1,3678.03,Occasional,0
13341.0,43,1,775.8499999999999,Occasional,0
13344.0,60,1,1656.1500000000003,Occasional,0
13345.0,70,1,389.5,Occasional,1
13357.0,40,1,609.95,Occasional,0
13358.0,51,1,439.03,Occasional,0
13362.0,28,2,1581.5300000000002,Occasional,0
13368.0,39,2,623.4,Occasional,0
13369.0,148,1,308.28,At-Risk,1
13370.0,154,1,754.8700000000001,At-Risk,1
13373.0,59,1,987.7000000000002,Occasional,0
13376.0,17,1,376.0,Occasional,0
13381.0,81,1,416.11,Occasional,1
13382.0,63,1,222.99,Occasional,0
13385.0,112,1,534.5699999999999,Occasional,1
13389.0,15,1,257.89,Occasional,0
13394.0,49,2,634.18,Occasional,0
13396.0,102,1,387.27,Occasional,1
13397.0,77,2,601.7699999999999,Occasional,1
13402.0,154,1,308.28,At-Risk,1
13405.0,100,1,160.05,Occasional,1
13408.0,8,19,9227.59,High-Value,3
13410.0,46,2,404.64,Occasional,0
13414.0,79,1,390.0,Occasional,1
13418.0,35,6,1941.86,Regular,0
13421.0,72,1,825.04,Occasional,1
13425.0,77,1,401.57,Occasional,1
13426.0,21,4,1285.02,Occasional,0
13439.0,38,1,283.71,Occasional,0
13448.0,1,4,1423.2600000000002,Occasional,0
13451.0,52,2,1012.37,Occasional,0
13452.0,42,2,590.0,Occasional,0
13453.0,72,1,185.0,Occasional,1
13455.0,149,1,692.9399999999999,At-Risk,1
13458.0,24,5,5185.959999999999,Regular,0
13462.0,35,1,151.5,Occasional,0
13468.0,9,18,3116.12,High-Value,0
13473.0,115,1,241.26,Occasional,1
13474.0,19,1,229.59,Occasional,0
13475.0,44,2,906.52,Occasional,0
13476.0,64,1,727.5999999999999,Occasional,0
13477.0,74,1,185.4,Occasional,1
13479.0,17,1,144.35,Occasional,0
13481.0,39,1,665.28,Occasional,0
13482.0,14,1,184.64,Occasional,0
13484.0,23,1,313.8,Occasional,0
13485.0,16,1,454.24,Occasional,0
13487.0,136,1,193.15,At-Risk,1
13488.0,43,4,4109.71,Occasional,0
13489.0,72,2,235.68,Occasional,0
13491.0,30,8,1031.63,Regular,0
13493.0,58,2,618.63,Occasional,0
13494.0,94,1,316.26000000000005,Occasional,1
13495.0,15,3,1072.43,Occasional,0
13496.0,142,1,501.01,At-Risk,1
13497.0,65,2,348.04999999999995,Occasional,0
13499.0,8,2,463.79,Occasional,0
13501.0,70,1,1340.32,Occasional,0
13502.0,57,2,189.16,Occasional,0
13505.0,15,1,1009.69,Occasional,0
13506.0,99,2,458.52,Occasional,1
13508.0,26,1,110.97000000000004,Occasional,0
13509.0,37,3,650.02,Occasional,0
13512.0,43,1,251.21,Occasional,0
13515.0,30,1,203.4,Occasional,0
13516.0,21,1,146.0,Occasional,0
13520.0,42,3,1479.3000000000002,Occasional,0
13523.0,149,1,566.95,At-Risk,1
13524.0,2,1,159.20000000000002,Occasional,0
13525.0,31,1,282.88,Occasional,0
13527.0,109,1,110.45,Occasional,1
13531.0,149,1,305.45000000000005,At-Risk,1
13533.0,50,2,146.64000000000004,Occasional,0
13534.0,15,13,2014.2,High-Value,0
13538.0,57,2,504.3,Occasional,0
13539.0,23,2,315.65000000000003,Occasional,0
13544.0,23,1,122.91,Occasional,0
13548.0,26,1,281.00999999999993,Occasional,0
13549.0,25,1,183.5,Occasional,0
13551.0,102,1,91.8,Occasional,1
13552.0,39,3,782.75,Occasional,0
13557.0,63,1,240.68,Occasional,0
13562.0,28,1,603.27,Occasional,0
13564.0,136,2,1198.3800000000003,At-Risk,1
13565.0,117,1,110.18,Occasional,1
13569.0,150,1,118.32,At-Risk,1
13570.0,26,1,239.49000000000004,Occasional,0
13571.0,9,2,272.01,Occasional,0
13573.0,36,1,31.770000000000003,Occasional,0
13576.0,2,7,2746.4000000000005,Regular,0
13577.0,24,1,356.75,Occasional,0
13579.0,151,1,164.70000000000002,At-Risk,1
13581.0,92,1,118.0,Occasional,1
13584.0,89,1,142.4,Occasional,1
13588.0,37,1,113.3,Occasional,0
13590.0,21,2,610.48,Occasional,0
13591.0,49,1,462.19999999999993,Occasional,0
13592.0,47,1,76.72,Occasional,0
13593.0,46,3,1022.95,Occasional,0
13599.0,24,6,1634.36,Regular,0
13600.0,95,1,219.52,Occasional,1
13606.0,26,2,250.42,Occasional,0
13610.0,26,2,349.7199999999999,Occasional,0
13611.0,142,1,303.15000000000003,At-Risk,1
13614.0,113,1,205.75000000000003,Occasional,1
13615.0,101,1,417.6900000000001,Occasional,1
13623.0,33,3,404.34,Occasional,0
13626.0,35,1,257.23,Occasional,0
13627.0,140,1,311.19000000000005,At-Risk,1
13629.0,22,3,2067.0,Occasional,0
13630.0,27,2,730.9200000000001,Occasional,0
13631.0,49,1,80.0,Occasional,0
13632.0,16,2,613.03,Occasional,0
13634.0,24,2,625.4100000000001,Occasional,0
13636.0,35,3,541.45,Occasional,0
13637.0,9,1,422.6,Occasional,0
13647.0,17,1,424.64,Occasional,0
13649.0,39,2,346.6,Occasional,0
13650.0,50,1,372.12,Occasional,0
13652.0,39,2,638.2399999999999,Occasional,0
13654.0,25,2,798.24,Occasional,0
13655.0,24,1,383.65,Occasional,0
13656.0,120,1,162.70000000000005,Occasional,1
13659.0,103,1,1045.4,Occasional,1
13662.0,42,1,227.7,Occasional,0
13666.0,70,2,64.05,Occasional,0
13668.0,3,10,3439.5599999999995,High-Value,0
13672.0,84,2,186.39,Occasional,1
13675.0,67,1,308.44000000000005,Occasional,0
13680.0,120,2,2391.59,Occasional,1
13684.0,68,1,67.23,Occasional,0
13692.0,19,1,856.63,Occasional,0
13694.0,1,21,23838.22,High-Value,3
13695.0,10,3,230.88000000000005,Occasional,0
13700.0,23,5,943.66,Regular,0
13703.0,101,1,99.5,Occasional,1
13705.0,156,1,318.14000000000004,At-Risk,1
13706.0,85,1,330.79,Occasional,1
13707.0,49,2,806.41,Occasional,0
13708.0,54,1,296.88,Occasional,0
13709.0,98,1,474.69999999999993,Occasional,1
13711.0,1,2,252.06000000000003,Occasional,0
13712.0,29,1,228.84,Occasional,0
13715.0,63,5,1079.34,Occasional,0
13716.0,52,1,138.28,Occasional,0
13717.0,23,2,570.5899999999999,Occasional,0
13718.0,29,2,306.55,Occasional,0
13719.0,17,1,132.89999999999998,Occasional,0
13720.0,21,2,432.1,Occasional,0
13722.0,65,1,1463.4700000000005,Occasional,0
13725.0,8,6,1751.6,Regular,0
13728.0,37,2,341.57999999999987,Occasional,0
13731.0,2,2,610.59,Occasional,0
13735.0,17,1,935.15,Occasional,0
13736.0,43,1,357.53,Occasional,0
13740.0,23,1,350.75,Occasional,0
13742.0,20,4,1344.05,Occasional,0
13743.0,42,1,141.72,Occasional,0
13744.0,75,1,893.16,Occasional,1
13747.0,156,1,79.6,At-Risk,1
13748.0,15,3,580.8499999999999,Occasional,0
13750.0,79,2,688.8,Occasional,1
13751.0,70,1,296.25,Occasional,1
13752.0,29,1,277.6,Occasional,0
13753.0,70,1,741.26,Occasional,1
13754.0,100,1,156.0,Occasional,1
13756.0,141,3,1004.4,At-Risk,1
13758.0,35,4,1458.15,Occasional,0
13760.0,39,1,135.09,Occasional,0
13762.0,1,1,306.72,Occasional,0
13764.0,120,1,499.88999999999993,Occasional,1
13767.0,9,17,5665.46,High-Value,0
13769.0,18,4,1129.95,Occasional,0
13771.0,29,1,871.5999999999999,Occasional,0
13772.0,22,1,228.42,Occasional,0
13777.0,29,18,9649.950000000004,High-Value,3
13781.0,33,1,127.84,Occasional,0
13782.0,17,2,361.3,Occasional,0
13784.0,1,5,772.4699999999998,Regular,0
13786.0,150,1,230.4,At-Risk,1
13787.0,147,1,106.4,At-Risk,1
13792.0,70,1,74.6,Occasional,1
13798.0,2,25,18801.08,High-Value,3
13799.0,77,1,341.69999999999993,Occasional,1
13800.0,92,1,558.32,Occasional,1
13802.0,37,2,3131.06,Occasional,0
13803.0,38,1,277.07000000000005,Occasional,0
13804.0,72,1,723.63,Occasional,1
13807.0,149,1,112.6,At-Risk,1
13809.0,88,1,155.05,Occasional,1
13811.0,18,2,481.5,Occasional,0
13815.0,101,1,1012.01,Occasional,1
13817.0,134,1,128.7,At-Risk,1
13819.0,84,3,1140.35,Occasional,1
13821.0,44,1,270.15,Occasional,0
13824.0,24,2,1102.1799999999998,Occasional,0
13831.0,1,2,719.3,Occasional,0
13837.0,100,1,113.7,Occasional,1
13838.0,152,1,238.11,At-Risk,1
13841.0,35,1,85.0,Occasional,0
13842.0,10,5,1527.3299999999997,Regular,0
13846.0,25,2,663.9300000000001,Occasional,0
13848.0,80,2,935.0,Occasional,1
13851.0,70,1,246.32,Occasional,1
13854.0,9,13,4142.42,High-Value,0
13859.0,108,1,201.16,Occasional,1
13862.0,14,3,852.31,Occasional,0
13863.0,30,1,305.78,Occasional,0
13865.0,72,1,123.3,Occasional,1
13869.0,45,3,1584.96,Occasional,0
13870.0,70,1,544.03,Occasional,1
13871.0,18,4,1764.24,Occasional,0
13873.0,1,2,230.40000000000003,Occasional,0
13874.0,140,1,540.45,At-Risk,1
13875.0,40,2,683.6800000000001,Occasional,0
13880.0,21,4,799.7299999999999,Occasional,0
13881.0,25,3,2009.12,Occasional,0
13883.0,1,4,1742.78,Occasional,0
13884.0,60,3,196.25,Occasional,0
13888.0,1,1,239.52,Occasional,0
13890.0,141,1,190.35,At-Risk,1
13892.0,29,1,54.52,Occasional,0
13893.0,80,1,821.1000000000001,Occasional,1
13894.0,93,1,160.85,Occasional,1
13898.0,108,1,155.93,Occasional,1
13899.0,57,1,298.5,Occasional,0
13900.0,45,1,357.58,Occasional,0
13901.0,39,2,648.3000000000001,Occasional,0
13904.0,77,1,201.12,Occasional,1
13908.0,59,1,496.0,Occasional,0
13911.0,28,4,1089.5,Occasional,0
13918.0,35,1,198.2,Occasional,0
13922.0,134,1,172.24999999999997,At-Risk,1
13929.0,109,1,412.85,Occasional,1
13931.0,63,1,378.21,Occasional,0
13932.0,77,1,307.4,Occasional,1
13934.0,46,1,922.1,Occasional,0
13939.0,94,1,184.5,Occasional,1
13941.0,80,2,2118.96,Occasional,1
13946.0,50,1,209.85,Occasional,0
13948.0,143,1,102.0,At-Risk,1
13950.0,29,1,179.31,Occasional,0
13951.0,19,2,516.05,Occasional,0
13952.0,21,1,2042.761,Occasional,0
13953.0,57,2,1000.0,Occasional,0
13955.0,88,1,205.1,Occasional,1
13956.0,25,2,293.67,Occasional,0
13959.0,63,2,337.44,Occasional,0
13962.0,28,1,117.6,Occasional,0
13963.0,91,4,664.5400000000001,Occasional,1
13969.0,14,4,1064.07,Occasional,0
13971.0,52,2,642.82,Occasional,0
13973.0,70,1,264.7,Occasional,1
13975.0,59,1,678.7599999999999,Occasional,0
13982.0,109,2,903.8,Occasional,1
13983.0,14,6,1545.37,Regular,0
13984.0,32,3,717.23,Occasional,0
13985.0,47,1,393.0,Occasional,0
13988.0,37,1,631.06,Occasional,0
13989.0,22,1,896.67,Occasional,0
13993.0,21,3,1101.0700000000004,Occasional,0
13995.0,28,1,310.45,Occasional,0
13999.0,37,3,911.18,Occasional,0
14001.0,15,2,1309.14,Occasional,0
14004.0,71,1,900.02,Occasional,1
14006.0,23,2,662.09,Occasional,0
14012.0,60,1,328.8,Occasional,0
14013.0,58,1,118.5,Occasional,0
14016.0,52,2,2231.3,Occasional,0
14021.0,39,1,198.9,Occasional,0
14022.0,8,1,440.0,Occasional,0
14023.0,32,1,273.14,Occasional,0
14030.0,26,5,1435.02,Regular,0
14031.0,14,9,6672.010000000001,Regular,0
14032.0,24,4,1232.4,Occasional,0
14035.0,50,2,700.5800000000002,Occasional,0
14036.0,67,1,626.65,Occasional,0
14037.0,147,1,111.8,At-Risk,1
14040.0,22,4,1085.15,Occasional,0
14041.0,49,1,141.41,Occasional,0
14044.0,92,1,173.74,Occasional,1
14045.0,120,3,1251.75,Occasional,1
14046.0,67,1,154.99,Occasional,0
14047.0,119,2,296.22,Occasional,1
14048.0,88,1,409.93,Occasional,1
14049.0,100,1,1031.83,Occasional,1
14051.0,9,9,5201.28,Regular,0
14056.0,20,6,1880.25,Regular,0
14057.0,22,7,2334.07,Regular,0
14059.0,49,1,183.6,Occasional,0
14060.0,14,9,2672.0,Regular,0
14062.0,21,6,4834.630000000001,Regular,0
14064.0,36,2,560.5,Occasional,0
14066.0,49,1,152.55,Occasional,0
14068.0,102,1,265.85,Occasional,1
14071.0,43,2,356.81,Occasional,0
14075.0,43,1,307.92,Occasional,0
14077.0,8,2,199.61,Occasional,0
14078.0,9,3,472.69,Occasional,0
14081.0,84,2,934.52,Occasional,1
14082.0,147,1,182.25,At-Risk,1
14083.0,56,4,474.29,Occasional,0
14085.0,42,9,2500.91,Regular,0
14088.0,105,1,7544.910000000001,Occasional,1
14090.0,107,1,76.32000000000001,Occasional,1
14092.0,19,5,1469.8100000000002,Regular,0
14099.0,37,4,1062.86,Occasional,0
14101.0,47,3,3068.63,Occasional,0
14105.0,21,1,1266.23,Occasional,0
14107.0,3,4,1475.08,Occasional,0
14110.0,3,2,1701.52,Occasional,0
14111.0,24,1,94.2,Occasional,0
14112.0,58,1,617.0999999999999,Occasional,0
14113.0,137,1,433.5,At-Risk,1
14114.0,56,2,386.53,Occasional,0
14127.0,39,2,452.2299999999999,Occasional,0
14128.0,38,1,305.54,Occasional,0
14129.0,43,1,358.9,Occasional,0
14130.0,101,1,483.86,Occasional,1
14133.0,98,1,318.0,Occasional,1
14135.0,3,8,2121.26,Regular,0
14142.0,155,1,311.81,At-Risk,1
14146.0,37,2,1903.73,Occasional,0
14147.0,68,1,182.8,Occasional,0
14148.0,16,1,157.2,Occasional,0
14149.0,3,1,446.62000000000006,Occasional,0
14150.0,142,1,306.18000000000006,At-Risk,1
14152.0,16,1,314.51,Occasional,0
14154.0,21,2,1345.62,Occasional,0
14155.0,49,1,118.75,Occasional,0
14156.0,17,16,38495.05,High-Value,3
14157.0,68,1,277.17,Occasional,0
14159.0,39,2,652.0899999999999,Occasional,0
14161.0,61,2,546.1899999999999,Occasional,0
14162.0,75,1,177.68,Occasional,1
14163.0,21,1,411.87,Occasional,0
14165.0,58,1,122.54,Occasional,0
14167.0,46,2,259.0,Occasional,0
14173.0,2,1,114.04,Occasional,0
14175.0,112,1,322.58000000000004,Occasional,1
14176.0,80,4,576.9,Occasional,1
14180.0,18,13,2895.57,High-Value,0
14185.0,114,1,197.65,Occasional,1
14188.0,93,1,398.0,Occasional,1
14189.0,14,6,1798.37,Regular,0
14191.0,3,1,150.32000000000002,Occasional,0
14193.0,52,1,422.54,Occasional,0
14194.0,49,3,1579.42,Occasional,0
14195.0,34,1,828.3999999999999,Occasional,0
14198.0,22,1,183.3,Occasional,0
14199.0,1,1,185.4,Occasional,0
14201.0,17,2,176.28000000000003,Occasional,0
14205.0,47,1,222.9,Occasional,0
14206.0,21,1,328.16,Occasional,0
14209.0,42,2,768.5500000000001,Occasional,0
14210.0,10,4,1282.85,Occasional,0
14211.0,17,4,759.4900000000001,Occasional,0
14214.0,60,1,638.65,Occasional,0
14215.0,98,3,922.11,Occasional,1
14217.0,28,6,621.65,Regular,0
14220.0,30,2,632.3999999999999,Occasional,0
14221.0,122,1,312.95,At-Risk,1
14223.0,46,1,304.90000000000003,Occasional,0
14224.0,103,1,244.3,Occasional,1
14226.0,52,1,983.3,Occasional,0
14227.0,18,3,1323.97,Occasional,0
14229.0,74,2,762.1299999999999,Occasional,1
14231.0,14,2,617.95,Occasional,0
14232.0,47,1,693.1800000000002,Occasional,0
14233.0,93,2,630.95,Occasional,1
14235.0,9,2,1264.5500000000004,Occasional,0
14236.0,154,1,189.3,At-Risk,1
14237.0,156,1,161.00000000000003,At-Risk,1
14238.0,109,1,146.85,Occasional,1
14239.0,29,4,940.43,Occasional,0
14240.0,8,1,226.85,Occasional,0
14242.0,17,2,280.55,Occasional,0
14243.0,28,5,1513.0699999999997,Regular,0
14245.0,2,2,1693.4499999999998,Occasional,0
14246.0,28,1,449.64,Occasional,0
14247.0,61,1,136.76999999999998,Occasional,0
14248.0,101,1,302.58,Occasional,1
14256.0,43,2,969.06,Occasional,0
14257.0,101,1,620.14,Occasional,1
14258.0,28,5,6066.66,Regular,0
14262.0,23,1,240.0,Occasional,0
14264.0,28,1,115.7,Occasional,0
14267.0,43,2,836.3600000000001,Occasional,0
14270.0,114,1,492.65,Occasional,1
14271.0,8,1,112.32,Occasional,0
14272.0,37,1,132.09,Occasional,0
14273.0,25,1,112.8,Occasional,0
14276.0,72,1,341.2,Occasional,1
14282.0,9,3,1001.58,Occasional,0
14286.0,25,1,2050.08,Occasional,0
14289.0,24,2,469.54,Occasional,0
14290.0,144,1,777.5600000000001,At-Risk,1
14291.0,58,1,984.88,Occasional,0
14292.0,65,1,463.0,Occasional,0
14293.0,87,2,508.02,Occasional,1
14297.0,57,1,232.6,Occasional,0
14298.0,2,26,26808.63,High-Value,3
14299.0,101,4,1565.94,Occasional,1
14304.0,5,1,383.4500000000001,Occasional,0
14307.0,2,3,1694.98,Occasional,0
14309.0,17,4,935.88,Occasional,0
14311.0,25,1,310.26,Occasional,0
14312.0,56,3,594.02,Occasional,0
14315.0,49,1,530.4,Occasional,0
14320.0,115,1,352.51,Occasional,1
14321.0,116,1,326.82,Occasional,1
14323.0,21,1,299.82,Occasional,0
14326.0,25,1,183.85,Occasional,0
14329.0,56,2,2125.6000000000004,Occasional,0
14334.0,16,4,1307.7800000000002,Occasional,0
14336.0,2,2,764.45,Occasional,0
14339.0,25,1,309.52,Occasional,0
14340.0,1,1,134.7,Occasional,0
14341.0,101,2,335.63000000000005,Occasional,1
14344.0,39,5,584.3800000000001,Regular,0
14346.0,80,1,262.44,Occasional,1
14348.0,42,1,409.57,Occasional,0
14350.0,57,1,282.92999999999995,Occasional,0
14352.0,17,2,845.32,Occasional,0
14355.0,148,1,174.4,At-Risk,1
14367.0,22,3,1919.42,Occasional,0
14368.0,102,1,155.0,Occasional,1
14371.0,77,1,100.5,Occasional,1
14373.0,141,1,76.55,At-Risk,1
14377.0,45,1,314.6,Occasional,0
14379.0,78,1,110.98,Occasional,1
14386.0,79,1,142.4,Occasional,1
14388.0,64,2,714.2500000000001,Occasional,0
14390.0,22,2,727.03,Occasional,0
14395.0,5,5,1625.9400000000005,Regular,0
14396.0,154,1,110.35,At-Risk,1
14401.0,97,2,552.1200000000001,Occasional,1
14403.0,30,1,790.7,Occasional,0
14404.0,42,3,723.58,Occasional,0
14407.0,59,1,357.18,Occasional,0
14408.0,21,2,705.6400000000001,Occasional,0
14409.0,101,3,666.1,Occasional,1
14410.0,32,4,580.8000000000001,Occasional,0
14411.0,93,1,1063.0,Occasional,1
14413.0,145,1,122.7,At-Risk,1
14414.0,141,1,217.2,At-Risk,1
14415.0,17,4,2012.15,Occasional,0
14419.0,35,2,307.55999999999995,Occasional,0
14422.0,49,1,401.31,Occasional,0
14423.0,1,1,265.2,Occasional,0
14426.0,59,3,1495.58,Occasional,0
14428.0,22,2,330.62,Occasional,0
14431.0,85,1,470.36,Occasional,1
14437.0,148,1,63.0,At-Risk,1
14438.0,89,1,131.9,Occasional,1
14439.0,102,1,2661.24,Occasional,1
14440.0,99,2,1185.7099999999998,Occasional,1
14441.0,38,1,356.84000000000003,Occasional,0
14442.0,99,1,675.5799999999999,Occasional,1
14443.0,93,2,608.4000000000002,Occasional,1
14446.0,29,1,303.04,Occasional,0
14447.0,63,1,265.0,Occasional,0
14448.0,146,1,102.35,At-Risk,1
14449.0,29,2,401.3,Occasional,0
14450.0,26,2,269.45,Occasional,0
14457.0,93,1,113.64,Occasional,1
14460.0,93,1,30.0,Occasional,1
14461.0,44,1,776.23,Occasional,0
14462.0,49,5,704.91,Regular,0
14465.0,29,3,1058.62,Occasional,0
14466.0,63,3,1035.65,Occasional,0
14467.0,95,1,131.7,Occasional,1
14470.0,70,1,297.64,Occasional,1
14472.0,40,4,1328.1799999999998,Occasional,0
14473.0,65,1,85.0,Occasional,0
14475.0,87,1,306.54999999999995,Occasional,1
14476.0,40,1,215.7,Occasional,0
14477.0,80,1,165.0,Occasional,1
14479.0,36,2,316.24999999999994,Occasional,0
14481.0,70,1,302.86000000000007,Occasional,1
14482.0,21,1,238.1,Occasional,0
14483.0,64,1,137.1,Occasional,0
14487.0,151,1,125.10000000000002,At-Risk,1
14491.0,155,1,127.2,At-Risk,1
14496.0,94,2,538.8100000000001,Occasional,1
14497.0,91,1,475.37,Occasional,1
14498.0,144,1,166.21999999999997,At-Risk,1
14499.0,61,1,126.01999999999998,Occasional,0
14501.0,102,1,66.93,Occasional,1
14502.0,17,6,1070.23,Regular,0
14504.0,25,3,542.71,Occasional,0
14505.0,50,3,1949.3,Occasional,0
14506.0,66,2,566.8600000000001,Occasional,0
14507.0,58,2,378.85,Occasional,0
14512.0,14,1,126.32,Occasional,0
14513.0,71,1,18.75,Occasional,1
14514.0,114,1,255.24999999999997,Occasional,1
14515.0,1,1,425.4,Occasional,0
14520.0,73,1,165.0,Occasional,1
14524.0,19,4,777.5800000000002,Occasional,0
14525.0,18,4,1249.87,Occasional,0
14527.0,9,22,2845.2300000000005,High-Value,3
14530.0,45,2,1146.91,Occasional,0
14532.0,19,4,932.85,Occasional,0
14533.0,135,1,433.5,At-Risk,1
14534.0,30,6,1284.58,Regular,0
14535.0,31,1,853.9700000000001,Occasional,0
14536.0,42,1,171.8,Occasional,0
14538.0,39,1,106.5,Occasional,0
14540.0,92,1,195.9,Occasional,1
14541.0,25,5,975.45,Regular,0
14543.0,35,7,1869.26,Regular,0
14544.0,144,1,1121.92,At-Risk,1
14546.0,31,1,561.29,Occasional,0
14548.0,100,1,326.4,Occasional,1
14549.0,94,1,289.24,Occasional,1
14553.0,1,2,312.32,Occasional,0
14555.0,84,1,197.94,Occasional,1
14560.0,43,8,1164.85,Regular,0
14562.0,14,3,916.1,Occasional,0
14565.0,144,1,1167.4100000000003,At-Risk,1
14570.0,63,2,218.06,Occasional,0
14572.0,36,3,1077.93,Occasional,0
14573.0,39,4,882.5799999999999,Occasional,0
14576.0,154,1,35.400000000000006,At-Risk,1
14577.0,15,2,468.00999999999993,Occasional,0
14586.0,59,1,237.36,Occasional,0
14587.0,30,6,1085.1999999999998,Regular,0
14589.0,154,1,39.75,At-Risk,1
14594.0,156,1,255.0,At-Risk,1
14595.0,96,1,163.8,Occasional,1
14600.0,88,1,393.33,Occasional,1
14603.0,57,1,660.0,Occasional,0
14606.0,2,43,6215.75,High-Value,3
14607.0,44,1,495.0,Occasional,0
14608.0,145,1,204.0,At-Risk,1
14609.0,79,1,144.0,Occasional,1
14616.0,25,3,406.08,Occasional,0
14618.0,120,1,211.8,Occasional,1
14619.0,28,1,394.44,Occasional,0
14620.0,66,1,235.35,Occasional,0
14621.0,141,1,305.70000000000005,At-Risk,1
14623.0,18,1,192.68,Occasional,0
14625.0,144,1,585.53,At-Risk,1
14626.0,16,1,586.9000000000001,Occasional,0
14628.0,25,1,331.58,Occasional,0
14631.0,17,2,630.08,Occasional,0
14632.0,45,1,114.56,Occasional,0
14633.0,48,1,344.9000000000001,Occasional,0
14636.0,51,1,300.19,Occasional,0
14639.0,74,2,1235.13,Occasional,1
14640.0,10,1,413.45,Occasional,0
14643.0,140,1,357.94,At-Risk,1
14644.0,81,1,187.5,Occasional,1
14645.0,58,1,240.1,Occasional,0
14646.0,8,17,82304.98000000001,High-Value,2
14653.0,121,1,344.80999999999995,At-Risk,1
14655.0,5,1,810.5600000000001,Occasional,0
14656.0,66,1,133.11,Occasional,0
14657.0,64,2,524.4,Occasional,0
14659.0,46,3,1002.89,Occasional,0
14662.0,17,3,524.86,Occasional,0
14665.0,79,3,731.66,Occasional,1
14667.0,5,10,3611.03,High-Value,0
14669.0,24,3,1269.9900000000002,Occasional,0
14670.0,63,2,411.53,Occasional,0
14672.0,17,2,765.55,Occasional,0
14673.0,150,1,373.49,At-Risk,1
14676.0,66,1,556.3199999999999,Occasional,0
14680.0,35,7,10462.58,Regular,0
14684.0,145,1,168.36,At-Risk,1
14688.0,32,8,2241.17,Regular,0
14692.0,18,3,480.30000000000007,Occasional,0
14693.0,47,1,172.9,Occasional,0
14696.0,25,3,872.5999999999999,Occasional,0
14697.0,1,2,188.61,Occasional,0
14700.0,21,1,721.55,Occasional,0
14701.0,30,5,1750.7500000000002,Regular,0
14702.0,63,6,1222.15,Occasional,0
14708.0,151,1,419.06,At-Risk,1
14709.0,59,3,1183.2999999999995,Occasional,0
14711.0,2,4,1230.78,Occasional,0
14713.0,50,5,909.61,Regular,0
14715.0,81,2,247.45,Occasional,1
14719.0,32,1,223.46,Occasional,0
14723.0,140,3,471.0,At-Risk,1
14727.0,57,1,268.58,Occasional,0
14729.0,156,1,313.49000000000007,At-Risk,1
14730.0,15,3,555.6000000000001,Occasional,0
14732.0,3,3,980.48,Occasional,0
14733.0,53,7,7560.32,Regular,0
14735.0,8,11,1813.97,High-Value,0
14737.0,136,1,434.0,At-Risk,1
14738.0,24,2,367.47,Occasional,0
14739.0,2,3,1307.62,Occasional,0
14740.0,8,2,892.5000000000002,Occasional,0
14741.0,144,2,495.3,At-Risk,1
14744.0,80,5,928.03,Occasional,0
14745.0,68,1,240.6,Occasional,0
14747.0,32,1,328.19999999999993,Occasional,0
14748.0,151,2,470.42,At-Risk,1
14754.0,78,1,228.27000000000004,Occasional,1
14755.0,39,3,1302.2400000000002,Occasional,0
14758.0,8,2,982.47,Occasional,0
14759.0,15,1,572.25,Occasional,0
14760.0,79,1,89.2,Occasional,1
14761.0,117,1,97.5,Occasional,1
14762.0,46,1,300.52,Occasional,0
14766.0,39,2,809.06,Occasional,0
14769.0,47,3,3320.78,Occasional,0
14770.0,15,2,876.42,Occasional,0
14775.0,154,1,406.56,At-Risk,1
14776.0,16,2,860.04,Occasional,0
14778.0,91,1,334.05,Occasional,1
14779.0,63,3,386.15,Occasional,0
14782.0,102,1,200.1,Occasional,1
14784.0,106,1,114.68,Occasional,1
14790.0,36,1,152.16,Occasional,0
14794.0,36,3,479.08,Occasional,0
14796.0,21,8,3063.73,Regular,0
14798.0,93,1,75.68,Occasional,1
14800.0,3,6,3195.6,Regular,0
14803.0,58,2,730.79,Occasional,0
14805.0,96,1,109.25,Occasional,1
14810.0,23,7,1081.8000000000002,Regular,0
14813.0,152,2,155.42999999999998,At-Risk,1
14817.0,60,1,580.79,Occasional,0
14818.0,36,1,118.25,Occasional,0
14821.0,149,1,48.8,At-Risk,1
14825.0,58,4,885.1699999999998,Occasional,0
14828.0,37,2,1075.92,Occasional,0
14829.0,143,2,385.33,At-Risk,1
14834.0,23,1,243.69,Occasional,0
14840.0,50,1,62.85,Occasional,0
14841.0,57,3,1781.85,Occasional,0
14842.0,91,1,310.0,Occasional,1
14844.0,24,1,874.55,Occasional,0
14849.0,31,9,1850.37,Regular,0
14850.0,94,1,325.75,Occasional,1
14851.0,39,1,206.13,Occasional,0
14852.0,35,1,490.4,Occasional,0
14854.0,10,3,1191.3300000000002,Occasional,0
14865.0,154,1,37.2,At-Risk,1
14866.0,149,1,103.68,At-Risk,1
14867.0,1,2,614.1400000000002,Occasional,0
14868.0,16,1,439.33,Occasional,0
14870.0,44,1,327.24999999999994,Occasional,0
14871.0,38,2,248.6,Occasional,0
14875.0,45,1,362.0,Occasional,0
14878.0,40,3,631.7800000000001,Occasional,0
14880.0,71,1,129.2,Occasional,1
14886.0,35,1,364.8,Occasional,0
14889.0,119,1,135.9,Occasional,1
14890.0,36,1,125.65,Occasional,0
14895.0,32,2,2846.69,Occasional,0
14896.0,148,1,257.22,At-Risk,1
14897.0,79,1,175.5,Occasional,1
14898.0,23,4,610.93,Occasional,0
14901.0,143,3,497.05,At-Risk,1
14903.0,29,2,1113.7600000000002,Occasional,0
14905.0,16,1,308.55,Occasional,0
14907.0,143,3,960.69,At-Risk,1
14911.0,1,49,30894.17,High-Value,3
14912.0,29,1,482.79,Occasional,0
14913.0,56,2,615.8299999999999,Occasional,0
14915.0,60,1,142.28,Occasional,0
14916.0,107,1,295.04999999999995,Occasional,1
14924.0,28,1,310.05,Occasional,0
14930.0,57,1,1104.1299999999997,Occasional,0
14931.0,23,1,293.0,Occasional,0
14932.0,148,1,363.53,At-Risk,1
14934.0,65,1,828.84,Occasional,0
14935.0,80,1,1784.71,Occasional,1
14936.0,58,1,1576.36,Occasional,0
14944.0,79,2,754.29,Occasional,1
14948.0,2,1,278.4,Occasional,0
14952.0,68,3,2183.83,Occasional,0
14957.0,35,1,58.49,Occasional,0
14958.0,28,1,210.65,Occasional,0
14959.0,79,1,178.66000000000005,Occasional,1
14961.0,14,5,3179.66,Regular,0
14962.0,53,1,126.70000000000002,Occasional,0
14964.0,30,1,206.21,Occasional,0
14970.0,35,2,782.25,Occasional,0
14973.0,8,1,654.6,Occasional,0
14976.0,57,2,271.52,Occasional,0
14978.0,18,4,1537.2800000000002,Occasional,0
14981.0,29,1,102.12,Occasional,0
14985.0,140,1,124.51,At-Risk,1
14987.0,148,1,163.2,At-Risk,1
14995.0,63,1,119.31000000000004,Occasional,0
14998.0,23,1,183.64,Occasional,0
15002.0,79,3,1147.59,Occasional,1
15005.0,1,10,2128.1800000000003,High-Value,0
15012.0,156,1,191.06,At-Risk,1
15018.0,35,2,291.34000000000003,Occasional,0
15019.0,49,1,265.99999999999994,Occasional,0
15021.0,1,3,685.0899999999999,Occasional,0
15023.0,1,4,2857.73,Occasional,0
15024.0,79,3,688.09,Occasional,1
15026.0,23,2,230.78,Occasional,0
15027.0,2,2,654.1199999999999,Occasional,0
15028.0,151,1,185.97,At-Risk,1
15030.0,51,1,152.76,Occasional,0
15031.0,65,1,150.82999999999998,Occasional,0
15032.0,39,3,4959.1,Occasional,0
15033.0,39,2,749.8,Occasional,0
15034.0,15,5,2664.8300000000004,Regular,0
15038.0,26,2,284.03,Occasional,0
15039.0,2,22,11278.32,High-Value,3
15044.0,24,10,4030.48,High-Value,0
15045.0,40,1,388.9,Occasional,0
15046.0,23,6,1557.59,Regular,0
15047.0,52,1,343.61999999999995,Occasional,0
15048.0,3,2,256.45000000000005,Occasional,0
15049.0,56,1,121.17000000000002,Occasional,0
15052.0,101,1,215.78,Occasional,1
15053.0,64,1,222.65,Occasional,0
15057.0,58,2,1489.5,Occasional,0
15058.0,26,5,740.76,Regular,0
15059.0,79,3,369.91,Occasional,1
15061.0,1,28,28109.56,High-Value,3
15062.0,67,2,460.98,Occasional,0
15065.0,10,2,1406.4,Occasional,0
15067.0,65,1,848.0499999999998,Occasional,0
15068.0,39,1,239.96,Occasional,0
15070.0,155,1,106.2,At-Risk,1
15071.0,58,1,588.6699999999998,Occasional,0
15078.0,16,10,3155.2000000000003,High-Value,0
15079.0,98,2,509.24,Occasional,1
15081.0,149,1,111.15,At-Risk,1
15083.0,39,1,88.19999999999999,Occasional,0
15087.0,64,1,306.94,Occasional,0
15090.0,91,1,381.32,Occasional,1
15092.0,66,1,323.16,Occasional,0
15093.0,70,3,2603.21,Occasional,0
15100.0,116,3,876.0,Occasional,1
15101.0,142,1,102.28,At-Risk,1
15104.0,65,1,374.63999999999993,Occasional,0
15106.0,52,1,410.69999999999993,Occasional,0
15107.0,94,6,319.5,Occasional,1
15108.0,10,1,191.40000000000003,Occasional,0
15109.0,28,1,484.9500000000001,Occasional,0
15110.0,101,1,169.65,Occasional,1
15111.0,155,1,288.5,At-Risk,1
15114.0,28,2,474.38999999999993,Occasional,0
15119.0,28,1,266.4,Occasional,0
15121.0,71,1,295.15000000000003,Occasional,1
15122.0,80,1,397.04,Occasional,1
15125.0,22,2,4367.88,Occasional,0
15128.0,2,1,483.7,Occasional,0
15129.0,1,3,779.5,Occasional,0
15132.0,45,1,313.77,Occasional,0
15133.0,40,2,657.9,Occasional,0
15134.0,23,1,110.1,Occasional,0
15135.0,21,1,139.04999999999998,Occasional,0
15139.0,22,2,178.96,Occasional,0
15140.0,17,2,800.9300000000001,Occasional,0
15143.0,8,1,259.45,Occasional,0
15144.0,2,4,1679.42,Occasional,0
15145.0,9,2,724.03,Occasional,0
15146.0,74,1,834.22,Occasional,1
15147.0,22,1,623.5,Occasional,0
15150.0,52,1,501.25,Occasional,0
15157.0,141,1,1085.4599999999996,At-Risk,1
15159.0,16,8,4215.42,Regular,0
15160.0,140,1,158.16000000000005,At-Risk,1
15164.0,122,1,173.39,At-Risk,1
15165.0,156,1,487.75,At-Risk,1
15167.0,103,1,163.00000000000003,Occasional,1
15171.0,114,1,1289.5,Occasional,1
15172.0,19,1,346.4,Occasional,0
15174.0,105,1,135.75,Occasional,1
15178.0,43,1,40.5,Occasional,0
15179.0,16,3,1455.12,Occasional,0
15180.0,150,1,87.5,At-Risk,1
15181.0,52,1,300.0,Occasional,0
15182.0,51,1,370.48,Occasional,0
15189.0,8,13,3614.750000000001,High-Value,0
15192.0,148,1,315.0,At-Risk,1
15194.0,31,7,2848.8,Regular,0
15197.0,35,2,773.25,Occasional,0
15199.0,18,2,657.15,Occasional,0
15201.0,30,1,301.4800000000001,Occasional,0
15203.0,94,1,211.94,Occasional,1
15204.0,140,1,316.58,At-Risk,1
15206.0,58,1,17.700000000000003,Occasional,0
15208.0,136,1,65.4,At-Risk,1
15210.0,7,1,331.18,Occasional,0
15211.0,147,1,383.0700000000001,At-Risk,1
15212.0,24,1,101.79999999999998,Occasional,0
15213.0,101,2,328.35,Occasional,1
15214.0,25,1,514.9300000000001,Occasional,0
15218.0,46,2,1109.5100000000002,Occasional,0
15220.0,21,2,511.79,Occasional,0
15221.0,149,1,403.25,At-Risk,1
15222.0,101,1,585.0,Occasional,1
15223.0,8,2,755.75,Occasional,0
15224.0,141,2,322.0799999999999,At-Risk,1
15225.0,17,1,409.4000000000001,Occasional,0
15226.0,93,1,154.41,Occasional,1
15227.0,67,2,625.0699999999999,Occasional,0
15228.0,77,1,904.85,Occasional,1
15230.0,22,2,429.6,Occasional,0
15234.0,59,1,197.00000000000009,Occasional,0
15235.0,21,11,1876.74,High-Value,0
15236.0,81,1,321.04999999999995,Occasional,1
15237.0,10,1,938.92,Occasional,0
15240.0,24,2,629.1,Occasional,0
15241.0,66,1,395.33,Occasional,0
15244.0,31,1,297.94,Occasional,0
15245.0,44,1,1251.48,Occasional,0
15246.0,21,2,514.15,Occasional,0
15249.0,16,3,1807.22,Occasional,0
15251.0,24,1,2846.02,Occasional,0
15257.0,66,1,317.15,Occasional,0
15260.0,16,3,688.2,Occasional,0
15262.0,106,1,178.95000000000002,Occasional,1
15265.0,18,1,712.24,Occasional,0
15266.0,121,1,119.3,At-Risk,1
15270.0,21,4,1313.7500000000002,Occasional,0
15271.0,3,4,619.11,Occasional,0
15279.0,137,1,290.51,At-Risk,1
15281.0,14,4,1371.2,Occasional,0
15288.0,47,2,1152.4,Occasional,0
15289.0,32,1,375.45,Occasional,0
15290.0,16,7,1670.38,Regular,0
15291.0,30,9,2679.59,Regular,0
15296.0,109,1,1199.33,Occasional,1
15298.0,45,4,1238.44,Occasional,0
15299.0,46,4,2435.01,Occasional,0
15301.0,10,3,1797.09,Occasional,0
15303.0,73,1,574.02,Occasional,1
15304.0,1,5,381.6,Regular,0
15308.0,57,1,310.47,Occasional,0
15311.0,2,38,24305.43,High-Value,3
15312.0,137,1,289.74,At-Risk,1
15316.0,109,1,165.0,Occasional,1
15319.0,66,1,204.5,Occasional,0
15321.0,74,1,1159.4699999999998,Occasional,1
15326.0,116,1,311.7099999999999,Occasional,1
15332.0,149,4,1661.06,At-Risk,1
15339.0,101,1,257.90000000000003,Occasional,1
15346.0,115,1,252.42,Occasional,1
15347.0,149,1,201.6,At-Risk,1
15350.0,156,1,115.65,At-Risk,1
15351.0,152,1,274.67,At-Risk,1
15353.0,37,2,777.0200000000002,Occasional,0
15356.0,1,5,1201.81,Regular,0
15358.0,24,9,3819.16,Regular,0
15361.0,144,1,418.9200000000001,At-Risk,1
15363.0,155,1,326.0,At-Risk,1
15364.0,37,1,331.80000000000007,Occasional,0
15365.0,98,1,208.61,Occasional,1
15366.0,140,1,105.54,At-Risk,1
15367.0,28,2,1416.1800000000003,Occasional,0
15370.0,80,2,754.22,Occasional,1
15373.0,37,5,1076.21,Regular,0
15376.0,5,1,654.1700000000001,Occasional,0
15379.0,58,4,3053.9300000000003,Occasional,0
15380.0,148,1,230.1,At-Risk,1
15381.0,51,1,282.3,Occasional,0
15382.0,78,1,1019.4199999999998,Occasional,1
15384.0,142,1,303.57,At-Risk,1
15388.0,53,1,140.54,Occasional,0
15392.0,142,1,338.98,At-Risk,1
15393.0,63,1,124.1,Occasional,0
15394.0,141,1,587.6600000000001,At-Risk,1
15395.0,108,1,107.45000000000002,Occasional,1
15397.0,72,1,94.0,Occasional,1
15400.0,61,1,346.1,Occasional,0
15406.0,83,1,252.29,Occasional,1
15407.0,5,2,329.86,Occasional,0
15408.0,47,1,267.18,Occasional,0
15410.0,19,2,838.8,Occasional,0
15414.0,25,1,36.2,Occasional,0
15415.0,96,1,572.81,Occasional,1
15416.0,22,2,2274.4300000000003,Occasional,0
15421.0,93,1,295.06,Occasional,1
15422.0,105,2,97.7,Occasional,1
15424.0,37,2,383.34,Occasional,0
15426.0,39,2,662.98,Occasional,0
15433.0,50,1,372.6399999999999,Occasional,0
15436.0,16,1,489.05,Occasional,0
15437.0,45,1,200.16,Occasional,0
15442.0,31,1,594.0,Occasional,0
15443.0,103,1,437.71,Occasional,1
15445.0,47,1,113.5,Occasional,0
15447.0,113,1,155.17,Occasional,1
15448.0,95,1,494.64,Occasional,1
15449.0,44,1,345.92,Occasional,0
15452.0,47,1,247.25000000000003,Occasional,0
15454.0,145,1,179.10000000000002,At-Risk,1
15456.0,66,3,447.22,Occasional,0
15457.0,45,1,237.07,Occasional,0
15460.0,136,1,216.76,At-Risk,1
15464.0,120,1,1048.85,Occasional,1
15465.0,16,12,5163.459999999999,High-Value,0
15482.0,33,3,1437.44,Occasional,0
15483.0,49,1,114.85,Occasional,0
15485.0,118,2,1278.63,Occasional,1
15491.0,18,2,1022.45,Occasional,0
15493.0,32,2,951.25,Occasional,0
15497.0,102,1,970.6,Occasional,1
15498.0,21,8,4999.960000000001,Regular,0
15502.0,58,4,2640.46,Occasional,0
15503.0,145,1,147.09,At-Risk,1
15508.0,2,3,629.1100000000001,Occasional,0
15510.0,113,1,250.0,Occasional,1
15512.0,142,1,101.2,At-Risk,1
15513.0,43,8,4518.760000000001,Regular,0
15514.0,8,6,2561.94,Regular,0
15517.0,16,1,267.03000000000003,Occasional,0
15518.0,101,3,630.65,Occasional,1
15521.0,31,2,980.69,Occasional,0
15525.0,156,1,313.93,At-Risk,1
15527.0,2,3,900.04,Occasional,0
15528.0,36,1,229.33,Occasional,0
15529.0,30,6,1518.84,Regular,0
15530.0,29,1,553.13,Occasional,0
15532.0,140,1,356.35,At-Risk,1
15535.0,19,3,411.39,Occasional,0
15543.0,71,1,127.86,Occasional,1
15544.0,70,3,1199.12,Occasional,0
15545.0,153,1,135.32999999999998,At-Risk,1
15547.0,26,6,1997.1,Regular,0
15549.0,99,1,942.1,Occasional,1
15550.0,84,1,137.9,Occasional,1
15554.0,60,1,217.2,Occasional,0
15555.0,19,4,1280.34,Occasional,0
15562.0,134,1,134.55,At-Risk,1
15563.0,141,1,270.19000000000005,At-Risk,1
15569.0,115,1,288.5,Occasional,1
15570.0,22,7,2278.13,Regular,0
15572.0,31,3,876.04,Occasional,0
15574.0,141,3,590.15,At-Risk,1
15577.0,88,1,29.65,Occasional,1
15579.0,96,1,199.6,Occasional,1
15581.0,8,8,634.96,Regular,0
15582.0,3,1,303.61000000000007,Occasional,0
15587.0,134,1,344.88,At-Risk,1
15589.0,38,3,478.53,Occasional,0
15594.0,17,1,267.91,Occasional,0
15596.0,64,3,1080.5,Occasional,0
15601.0,35,8,4057.05,Regular,0
15602.0,95,4,404.75,Occasional,1
15605.0,35,3,690.1800000000002,Occasional,0
15606.0,5,6,1826.3500000000004,Regular,0
15607.0,119,1,104.76,Occasional,1
15611.0,39,3,331.5,Occasional,0
15615.0,18,8,3820.8,Regular,0
15620.0,3,2,875.01,Occasional,0
15622.0,8,3,2191.8,Occasional,0
15624.0,39,1,183.9,Occasional,0
15625.0,18,1,695.3300000000002,Occasional,0
15626.0,112,1,281.87999999999994,Occasional,1
15628.0,38,2,691.01,Occasional,0
15632.0,8,3,1242.5,Occasional,0
15636.0,65,1,306.7,Occasional,0
15640.0,9,7,5771.609999999999,Regular,0
15641.0,43,3,1305.38,Occasional,0
15643.0,65,1,337.1,Occasional,0
15644.0,39,3,423.19,Occasional,0
15646.0,29,2,340.04,Occasional,0
15648.0,49,1,316.85,Occasional,0
15649.0,119,2,816.0,Occasional,1
15651.0,43,1,227.32,Occasional,0
15655.0,26,1,560.6700000000001,Occasional,0
15656.0,3,2,306.86,Occasional,0
15658.0,44,3,597.6500000000001,Occasional,0
15660.0,66,2,364.3,Occasional,0
15661.0,100,2,309.8,Occasional,1
15665.0,26,1,1476.2200000000005,Occasional,0
15669.0,46,1,198.8,Occasional,0
15670.0,79,1,173.05,Occasional,1
15671.0,25,3,1033.13,Occasional,0
15673.0,109,1,969.95,Occasional,1
15674.0,31,2,710.2400000000001,Occasional,0
15675.0,63,1,45.0,Occasional,0
15676.0,66,1,897.7999999999998,Occasional,0
15680.0,149,1,478.89,At-Risk,1
15681.0,63,1,345.67999999999995,Occasional,0
15687.0,51,4,1402.45,Occasional,0
15689.0,144,1,103.5,At-Risk,1
15691.0,35,1,136.8,Occasional,0
15694.0,29,6,2195.28,Regular,0
15695.0,49,2,409.98,Occasional,0
15696.0,3,6,1637.9,Regular,0
15703.0,47,1,211.5,Occasional,0
15708.0,5,5,2068.3,Regular,0
15709.0,66,1,133.25,Occasional,0
15712.0,70,1,299.79999999999995,Occasional,1
15713.0,149,1,171.15,At-Risk,1
15716.0,40,2,662.3600000000001,Occasional,0
15717.0,17,1,150.3,Occasional,0
15719.0,2,6,1939.25,Regular,0
15722.0,73,1,324.04999999999995,Occasional,1
15723.0,147,1,203.1,At-Risk,1
15724.0,67,1,103.65,Occasional,0
15727.0,31,3,2876.05,Occasional,0
15732.0,155,1,138.1,At-Risk,1
15733.0,65,1,162.3,Occasional,0
15737.0,25,1,475.88,Occasional,0
15738.0,10,7,2296.99,Regular,0
15745.0,19,1,302.8500000000001,Occasional,0
15749.0,18,3,44534.3,Occasional,3
15750.0,65,3,612.57,Occasional,0
15752.0,32,3,1045.18,Occasional,0
15753.0,87,1,79.2,Occasional,1
15754.0,29,1,91.8,Occasional,0
15755.0,18,2,620.7300000000001,Occasional,0
15756.0,32,1,123.59,Occasional,0
15759.0,1,3,253.04,Occasional,0
15764.0,59,1,1120.9299999999998,Occasional,0
15768.0,8,1,354.35,Occasional,0
15769.0,18,10,24523.92,High-Value,3
15775.0,28,1,104.9,Occasional,0
15777.0,23,4,1047.11,Occasional,0
15780.0,25,2,402.76,Occasional,0
15781.0,88,1,83.35,Occasional,1
15785.0,78,1,928.58,Occasional,1
15789.0,141,1,351.3,At-Risk,1
15793.0,51,1,306.64,Occasional,0
15796.0,85,1,343.92,Occasional,1
15797.0,87,2,1510.2,Occasional,1
15799.0,117,1,320.22,Occasional,1
15800.0,29,1,244.5,Occasional,0
15805.0,16,4,2117.9700000000003,Occasional,0
15806.0,59,1,300.36,Occasional,0
15808.0,89,4,3734.97,Occasional,1
15809.0,38,2,262.22,Occasional,0
15810.0,14,2,854.12,Occasional,0
15811.0,80,3,897.33,Occasional,1
15812.0,37,2,764.76,Occasional,0
15813.0,22,1,770.65,Occasional,0
15815.0,28,2,880.0,Occasional,0
15819.0,59,1,639.64,Occasional,0
15820.0,102,1,206.98,Occasional,1
15822.0,142,1,440.2000000000001,At-Risk,1
15823.0,155,1,15.0,At-Risk,1
15827.0,19,8,797.64,Regular,0
15831.0,107,1,309.94000000000005,Occasional,1
15832.0,37,1,836.7900000000001,Occasional,0
15834.0,59,2,1281.37,Occasional,0
15835.0,43,2,488.31,Occasional,0
15838.0,1,6,6102.9,Regular,0
15841.0,1,2,613.26,Occasional,0
15843.0,86,1,118.95000000000002,Occasional,1
15845.0,70,2,1232.58,Occasional,0
15847.0,70,1,180.68,Occasional,1
15854.0,49,4,1056.7,Occasional,0
15855.0,23,2,202.2,Occasional,0
15856.0,14,7,6166.900000000001,Regular,0
15858.0,72,2,816.2199999999999,Occasional,0
15860.0,15,3,420.2599999999999,Occasional,0
15861.0,49,2,722.48,Occasional,0
15862.0,156,1,354.23,At-Risk,1
15864.0,98,1,242.42,Occasional,1
15867.0,24,8,1502.75,Regular,0
15869.0,59,2,149.64,Occasional,0
15874.0,28,4,2044.5,Occasional,0
15880.0,152,1,343.28,At-Risk,1
15881.0,94,5,501.39,Occasional,1
15882.0,151,2,371.32,At-Risk,1
15885.0,92,1,15.0,Occasional,1
15889.0,152,1,297.92,At-Risk,1
15891.0,9,1,524.52,Occasional,0
15894.0,36,2,263.55,Occasional,0
15898.0,9,4,1002.99,Occasional,0
15899.0,151,1,56.25,At-Risk,1
15903.0,10,2,641.6400000000001,Occasional,0
15906.0,2,3,683.1600000000001,Occasional,0
15910.0,29,3,429.79,Occasional,0
15912.0,15,1,141.49,Occasional,0
15916.0,29,4,735.1799999999998,Occasional,0
15917.0,30,1,123.1,Occasional,0
15918.0,53,1,142.0,Occasional,0
15919.0,151,1,270.72,At-Risk,1
15922.0,156,1,369.50000000000006,At-Risk,1
15923.0,155,1,127.08,At-Risk,1
15932.0,24,3,968.23,Occasional,0
15935.0,22,2,416.86,Occasional,0
15938.0,31,3,242.6,Occasional,0
15939.0,10,8,4380.350000000001,Regular,0
15940.0,93,1,35.8,Occasional,1
15944.0,59,1,325.1,Occasional,0
15945.0,148,1,181.0,At-Risk,1
15950.0,142,1,428.82,At-Risk,1
15951.0,68,1,375.1699999999999,Occasional,0
15952.0,8,1,232.65000000000003,Occasional,0
15953.0,66,3,654.2199999999999,Occasional,0
15955.0,26,2,1064.17,Occasional,0
15965.0,150,1,156.19,At-Risk,1
15967.0,101,1,173.79999999999998,Occasional,1
15970.0,86,1,314.1,Occasional,1
15971.0,25,4,1086.15,Occasional,0
15973.0,149,1,307.82,At-Risk,1
15974.0,60,2,917.19,Occasional,0
15976.0,2,1,209.99,Occasional,0
15980.0,37,1,760.1800000000001,Occasional,0
15981.0,24,3,1390.8,Occasional,0
15983.0,143,3,1148.27,At-Risk,1
15984.0,16,5,782.0800000000002,Regular,0
15985.0,19,1,899.58,Occasional,0
15987.0,2,2,122.84,Occasional,0
15990.0,70,1,401.37000000000006,Occasional,1
15996.0,46,3,655.27,Occasional,0
15998.0,45,2,1782.22,Occasional,0
16003.0,142,1,1181.0000000000002,At-Risk,1
16005.0,53,1,177.58999999999995,Occasional,0
16010.0,28,3,407.50000000000006,Occasional,0
16011.0,15,6,990.84,Regular,0
16013.0,3,20,10859.12,High-Value,3
16014.0,73,1,262.93,Occasional,1
16016.0,9,3,690.38,Occasional,0
16019.0,15,6,2489.499999999999,Regular,0
16022.0,43,1,628.2800000000002,Occasional,0
16023.0,49,1,177.83999999999995,Occasional,0
16027.0,1,3,516.67,Occasional,0
16029.0,3,24,32422.5,High-Value,3
16030.0,92,1,331.24,Occasional,1
16031.0,30,1,305.62999999999994,Occasional,0
16033.0,18,9,2353.25,Regular,0
16034.0,115,1,153.6,Occasional,1
16036.0,46,1,188.73,Occasional,0
16037.0,52,3,855.0200000000001,Occasional,0
16040.0,51,1,422.43,Occasional,0
16042.0,115,1,24.95,Occasional,1
16043.0,29,2,451.95,Occasional,0
16045.0,28,2,861.25,Occasional,0
16048.0,156,2,256.44000000000005,At-Risk,1
16055.0,3,1,134.8,Occasional,0
16057.0,67,1,683.98,Occasional,0
16059.0,37,3,647.7,Occasional,0
16062.0,24,2,578.1800000000001,Occasional,0
16063.0,43,1,335.32000000000005,Occasional,0
16065.0,148,1,372.09,At-Risk,1
16072.0,71,1,584.32,Occasional,1
16073.0,80,1,122.4,Occasional,1
16078.0,66,1,79.2,Occasional,0
16080.0,57,1,130.26000000000002,Occasional,0
16081.0,42,2,568.13,Occasional,0
16083.0,143,1,337.98,At-Risk,1
16084.0,81,1,436.18,Occasional,1
16085.0,19,2,325.04,Occasional,0
16086.0,71,2,278.45,Occasional,0
16092.0,37,1,310.87,Occasional,0
16094.0,2,1,252.1,Occasional,0
16096.0,47,1,320.62,Occasional,0
16097.0,23,1,185.05,Occasional,0
16098.0,16,3,1010.3000000000002,Occasional,0
16099.0,8,1,318.29999999999995,Occasional,0
16103.0,9,2,534.46,Occasional,0
16105.0,31,1,336.96,Occasional,0
16109.0,1,2,611.8800000000001,Occasional,0
16110.0,45,2,693.9300000000001,Occasional,0
16112.0,115,2,136.14,Occasional,1
16115.0,47,2,343.96,Occasional,0
16122.0,115,2,249.84,Occasional,1
16124.0,100,1,249.0,Occasional,1
16125.0,149,1,289.35,At-Risk,1
16126.0,79,1,891.35,Occasional,1
16128.0,65,1,388.3,Occasional,0
16131.0,22,1,1056.36,Occasional,0
16133.0,3,7,4978.7300000000005,Regular,0
16134.0,142,1,283.53,At-Risk,1
16135.0,45,1,517.5500000000001,Occasional,0
16136.0,60,1,159.3,Occasional,0
16140.0,154,1,124.14,At-Risk,1
16142.0,32,1,535.3399999999999,Occasional,0
16143.0,86,3,1212.85,Occasional,1
16144.0,29,1,175.2,Occasional,0
16145.0,9,4,1316.28,Occasional,0
16146.0,15,1,385.69,Occasional,0
16148.0,79,1,76.32000000000001,Occasional,1
16150.0,53,2,964.48,Occasional,0
16152.0,51,1,1829.04,Occasional,0
16153.0,137,1,215.01,At-Risk,1
16156.0,52,2,612.86,Occasional,0
16159.0,64,1,348.2000000000001,Occasional,0
16161.0,30,8,1661.29,Regular,0
16162.0,35,1,37.4,Occasional,0
16163.0,15,2,856.6000000000001,Occasional,0
16168.0,10,6,859.5499999999998,Regular,0
16170.0,17,2,625.5799999999998,Occasional,0
16172.0,24,1,199.38,Occasional,0
16175.0,23,1,272.86,Occasional,0
16180.0,17,2,1180.88,Occasional,0
16182.0,77,1,825.0,Occasional,1
16185.0,15,1,334.99999999999994,Occasional,0
16186.0,24,2,700.0899999999999,Occasional,0
16187.0,8,5,2022.88,Regular,0
16188.0,9,2,565.77,Occasional,0
16191.0,45,8,2615.6800000000007,Regular,0
16193.0,19,1,314.45000000000005,Occasional,0
16202.0,143,1,365.27,At-Risk,1
16203.0,10,2,318.3,Occasional,0
16206.0,110,1,161.3,Occasional,1
16208.0,72,1,497.59,Occasional,1
16209.0,29,1,305.95,Occasional,0
16210.0,3,8,10290.93,Regular,0
16212.0,66,1,498.15,Occasional,0
16214.0,35,2,749.6700000000001,Occasional,0
16216.0,50,1,914.9299999999998,Occasional,0
16217.0,18,2,304.25000000000006,Occasional,0
16218.0,37,2,687.5999999999999,Occasional,0
16221.0,58,2,315.37,Occasional,0
16222.0,101,1,846.72,Occasional,1
16224.0,23,2,543.2099999999999,Occasional,0
16225.0,60,2,416.61000000000007,Occasional,0
16226.0,18,1,130.8,Occasional,0
16227.0,8,1,314.22,Occasional,0
16230.0,3,1,275.93,Occasional,0
16233.0,112,2,326.5,Occasional,1
16235.0,78,2,344.4599999999999,Occasional,1
16241.0,30,3,667.3000000000001,Occasional,0
16242.0,59,1,211.36,Occasional,0
16244.0,155,1,1056.63,At-Risk,1
16245.0,39,1,453.98,Occasional,0
16249.0,22,1,814.8300000000002,Occasional,0
16250.0,44,2,389.44,Occasional,0
16253.0,38,1,1700.4,Occasional,0
16255.0,29,4,1061.67,Occasional,0
16256.0,49,1,752.4300000000002,Occasional,0
16258.0,2,1,1032.46,Occasional,0
16261.0,28,1,254.96,Occasional,0
16265.0,43,5,2875.1400000000003,Regular,0
16270.0,136,1,1141.2399999999996,At-Risk,1
16271.0,140,1,133.22,At-Risk,1
16274.0,156,1,357.94999999999993,At-Risk,1
16282.0,122,1,168.3,At-Risk,1
16293.0,52,2,696.3100000000001,Occasional,0
16297.0,51,1,301.90000000000003,Occasional,0
16303.0,116,1,827.1800000000001,Occasional,1
16306.0,76,5,594.47,Occasional,0
16308.0,44,1,320.0,Occasional,0
16309.0,23,1,334.20000000000005,Occasional,0
16315.0,113,1,226.37,Occasional,1
16316.0,58,4,1148.97,Occasional,0
16317.0,80,1,570.76,Occasional,1
16321.0,88,3,223.65,Occasional,1
16325.0,28,1,190.82,Occasional,0
16326.0,96,2,426.63,Occasional,1
16327.0,53,3,1740.5700000000002,Occasional,0
16332.0,88,1,122.3,Occasional,1
16333.0,9,13,11754.8,High-Value,3
16339.0,67,1,109.95000000000002,Occasional,0
16348.0,22,2,455.7,Occasional,0
16349.0,73,1,53.5,Occasional,1
16350.0,116,1,376.69999999999993,Occasional,1
16351.0,115,1,153.9,Occasional,1
16353.0,53,9,1470.9199999999998,Regular,0
16356.0,10,2,104.10000000000002,Occasional,0
16359.0,26,4,855.6099999999998,Occasional,0
16365.0,35,3,489.36,Occasional,0
16367.0,145,1,170.90999999999997,At-Risk,1
16370.0,7,1,275.54,Occasional,0
16374.0,45,1,156.29999999999998,Occasional,0
16377.0,50,1,676.2,Occasional,0
16378.0,30,3,362.9500000000001,Occasional,0
16383.0,51,1,309.46,Occasional,0
16384.0,46,1,409.1,Occasional,0
16385.0,149,1,148.23000000000002,At-Risk,1
16386.0,36,1,61.10000000000001,Occasional,0
16387.0,105,1,94.36,Occasional,1
16389.0,65,1,119.65,Occasional,0
16392.0,52,1,221.19,Occasional,0
16393.0,22,4,633.85,Occasional,0
16394.0,31,2,619.3000000000001,Occasional,0
16395.0,106,2,450.56,Occasional,1
16398.0,36,1,1169.95,Occasional,0
16399.0,18,1,178.41,Occasional,0
16401.0,5,4,1449.49,Occasional,0
16402.0,47,2,299.6,Occasional,0
16403.0,95,1,177.5,Occasional,1
16405.0,85,2,167.25,Occasional,1
16407.0,25,4,600.3400000000001,Occasional,0
16409.0,24,2,803.5600000000001,Occasional,0
16411.0,152,1,131.5,At-Risk,1
16414.0,63,1,50.8,Occasional,0
16418.0,8,1,145.91,Occasional,0
16419.0,58,2,516.9300000000001,Occasional,0
16422.0,1,23,13875.42,High-Value,3
16425.0,85,1,302.69999999999993,Occasional,1
16426.0,58,1,328.37,Occasional,0
16427.0,45,2,241.06,Occasional,0
16431.0,80,2,343.93000000000006,Occasional,1
16434.0,40,2,522.95,Occasional,0
16441.0,73,1,211.0,Occasional,1
16442.0,10,2,437.03,Occasional,0
16444.0,47,1,119.08,Occasional,0
16449.0,63,1,416.69,Occasional,0
16455.0,38,4,945.68,Occasional,0
16456.0,10,3,1576.61,Occasional,0
16457.0,1,1,208.36,Occasional,0
16458.0,18,5,923.1,Regular,0
16462.0,66,1,34.0,Occasional,0
16466.0,75,1,111.67,Occasional,1
16469.0,29,2,276.88,Occasional,0
16470.0,141,1,216.34,At-Risk,1
16471.0,57,1,223.95,Occasional,0
16473.0,70,2,217.81,Occasional,0
16475.0,56,1,309.99999999999994,Occasional,0
16477.0,57,4,1176.21,Occasional,0
16493.0,68,2,367.8,Occasional,0
16494.0,79,1,826.5299999999999,Occasional,1
16495.0,58,2,246.51,Occasional,0
16496.0,99,1,736.7,Occasional,1
16497.0,51,3,687.6800000000001,Occasional,0
16499.0,143,2,365.4500000000001,At-Risk,1
16500.0,113,1,165.0,Occasional,1
16503.0,113,2,841.79,Occasional,1
16509.0,79,1,363.7000000000001,Occasional,1
16510.0,155,1,248.1,At-Risk,1
16511.0,49,1,340.75,Occasional,0
16515.0,29,2,622.33,Occasional,0
16517.0,60,1,162.70000000000005,Occasional,0
16518.0,66,1,190.7,Occasional,0
16519.0,148,1,103.7,At-Risk,1
16520.0,22,2,622.92,Occasional,0
16523.0,21,5,1819.3,Regular,0
16525.0,25,10,5010.870000000001,High-Value,0
16531.0,77,3,484.8299999999999,Occasional,1
16532.0,121,1,1910.4,At-Risk,1
16539.0,2,3,1053.61,Occasional,0
16546.0,73,2,787.15,Occasional,1
16549.0,117,1,119.49,Occasional,1
16550.0,18,2,1038.91,Occasional,0
16551.0,119,1,311.07000000000005,Occasional,1
16552.0,25,2,379.73,Occasional,0
16553.0,14,7,3921.92,Regular,0
16554.0,5,2,314.11,Occasional,0
16556.0,28,3,1269.06,Occasional,0
16558.0,16,9,2837.0400000000004,Regular,0
16560.0,141,1,332.18,At-Risk,1
16565.0,147,1,173.7,At-Risk,1
16566.0,75,1,94.9,Occasional,1
16567.0,119,1,557.56,Occasional,1
16570.0,53,2,904.14,Occasional,0
16571.0,64,1,436.68,Occasional,0
16572.0,58,1,342.58,Occasional,0
16573.0,73,1,292.63,Occasional,1
16583.0,156,1,233.45,At-Risk,1
16584.0,37,1,611.94,Occasional,0
16586.0,31,1,463.95,Occasional,0
16587.0,14,1,225.14999999999995,Occasional,0
16592.0,35,3,802.7499999999999,Occasional,0
16593.0,110,1,69.6,Occasional,1
16596.0,148,1,120.65,At-Risk,1
16598.0,68,1,145.05,Occasional,0
16600.0,35,2,237.46,Occasional,0
16607.0,23,6,1390.06,Regular,0
16609.0,3,2,1092.18,Occasional,0
16610.0,2,1,75.66,Occasional,0
16612.0,94,1,280.04999999999995,Occasional,1
16617.0,18,1,151.85000000000002,Occasional,0
16618.0,42,2,1082.8200000000002,Occasional,0
16619.0,46,1,226.21,Occasional,0
16620.0,43,1,95.76,Occasional,0
16621.0,60,1,162.85,Occasional,0
16623.0,28,1,129.45,Occasional,0
16625.0,57,1,333.08,Occasional,0
16626.0,49,1,795.7499999999999,Occasional,0
16628.0,1,2,702.71,Occasional,0
16633.0,17,1,447.52,Occasional,0
16634.0,5,2,217.9,Occasional,0
16637.0,8,1,303.62,Occasional,0
16638.0,40,6,1211.44,Regular,0
16639.0,18,1,308.2,Occasional,0
16643.0,28,1,487.51,Occasional,0
16652.0,23,2,1613.66,Occasional,0
16654.0,18,2,501.85,Occasional,0
16655.0,114,1,812.2500000000001,Occasional,1
16656.0,10,5,2464.04,Regular,0
16657.0,37,1,242.55,Occasional,0
16658.0,151,1,123.24,At-Risk,1
16660.0,102,1,282.6,Occasional,1
16665.0,145,1,135.39999999999998,At-Risk,1
16667.0,67,1,203.35,Occasional,0
16668.0,67,1,50.76,Occasional,0
16670.0,30,5,1948.22,Regular,0
16672.0,8,5,2456.74,Regular,0
16676.0,16,2,794.06,Occasional,0
16678.0,2,4,965.3,Occasional,0
16679.0,149,1,129.75,At-Risk,1
16681.0,10,2,616.52,Occasional,0
16684.0,23,10,18649.42,High-Value,3
16686.0,21,3,847.4300000000001,Occasional,0
16692.0,39,2,1276.0,Occasional,0
16693.0,54,1,157.56,Occasional,0
16696.0,31,1,35.400000000000006,Occasional,0
16697.0,23,1,112.75,Occasional,0
16698.0,9,2,1998.0,Occasional,0
16700.0,1,6,2545.0,Regular,0
16701.0,40,4,1575.92,Occasional,0
16705.0,24,5,5028.7300000000005,Regular,0
16709.0,28,2,1270.4299999999998,Occasional,0
16710.0,47,4,889.58,Occasional,0
16711.0,85,2,598.8000000000001,Occasional,1
16712.0,37,2,721.7800000000001,Occasional,0
16713.0,18,8,2611.63,Regular,0
16714.0,1,3,1161.53,Occasional,0
16716.0,49,2,901.2,Occasional,0
16717.0,148,1,307.25,At-Risk,1
16718.0,152,1,623.7500000000001,At-Risk,1
16719.0,18,4,978.23,Occasional,0
16721.0,44,1,292.47,Occasional,0
16722.0,10,4,1565.48,Occasional,0
16725.0,84,7,781.02,Occasional,0
16726.0,77,3,603.7900000000002,Occasional,1
16727.0,147,1,272.81999999999994,At-Risk,1
16728.0,19,2,326.9299999999999,Occasional,0
16729.0,10,4,1389.96,Occasional,0
16730.0,17,2,480.9400000000001,Occasional,0
16735.0,22,2,1097.9199999999996,Occasional,0
16738.0,80,1,3.75,Occasional,1
16743.0,57,2,791.0600000000001,Occasional,0
16745.0,3,8,3026.2200000000003,Regular,0
16746.0,3,7,2567.2200000000003,Regular,0
16748.0,92,2,609.8,Occasional,1
16750.0,14,1,118.7,Occasional,0
16752.0,155,1,207.5,At-Risk,1
16754.0,154,1,2002.4,At-Risk,1
16755.0,9,2,908.47,Occasional,0
16757.0,101,1,106.83,Occasional,1
16765.0,77,1,34.0,Occasional,1
16766.0,56,2,1145.5999999999997,Occasional,0
16767.0,1,3,2649.06,Occasional,0
16768.0,54,1,183.25,Occasional,0
16769.0,43,1,380.39,Occasional,0
16770.0,19,4,656.48,Occasional,0
16771.0,58,3,1655.95,Occasional,0
16775.0,74,3,577.0999999999999,Occasional,0
16777.0,40,1,177.24999999999997,Occasional,0
16778.0,57,1,93.18,Occasional,0
16779.0,2,10,3780.76,High-Value,0
16780.0,41,1,161.89,Occasional,0
16781.0,155,1,311.25,At-Risk,1
16782.0,7,6,1218.35,Regular,0
16788.0,37,1,297.1700000000001,Occasional,0
16791.0,46,2,407.28,Occasional,0
16792.0,65,2,110.38,Occasional,0
16795.0,148,1,414.88,At-Risk,1
16801.0,56,1,751.9000000000001,Occasional,0
16804.0,52,1,118.05,Occasional,0
16805.0,143,1,214.76999999999995,At-Risk,1
16806.0,3,2,414.3699999999999,Occasional,0
16807.0,53,1,371.23,Occasional,0
16808.0,56,1,166.5,Occasional,0
16809.0,45,1,214.2800000000001,Occasional,0
16812.0,143,1,479.3500000000001,At-Risk,1
16814.0,8,10,3152.04,High-Value,0
16816.0,96,2,325.45,Occasional,1
16817.0,31,5,731.45,Regular,0
16823.0,10,1,358.37999999999994,Occasional,0
16833.0,42,3,671.29,Occasional,0
16834.0,10,1,413.46,Occasional,0
16835.0,155,1,81.75,At-Risk,1
16837.0,3,4,558.0400000000001,Occasional,0
16838.0,71,1,392.12000000000006,Occasional,1
16839.0,36,10,4924.620000000001,Regular,0
16841.0,70,1,317.38000000000005,Occasional,1
16842.0,85,1,520.5699999999999,Occasional,1
16843.0,24,3,2394.0200000000004,Occasional,0
16850.0,116,1,332.41,Occasional,1
16858.0,151,1,375.69000000000005,At-Risk,1
16859.0,44,1,259.84000000000003,Occasional,0
16863.0,149,1,164.25,At-Risk,1
16871.0,38,3,927.3100000000002,Occasional,0
16873.0,28,2,2686.57,Occasional,0
16875.0,79,3,805.0899999999999,Occasional,1
16882.0,22,2,215.7,Occasional,0
16883.0,154,1,128.02999999999997,At-Risk,1
16885.0,139,1,190.65,At-Risk,1
16889.0,26,2,1228.61,Occasional,0
16891.0,154,1,232.26,At-Risk,1
16893.0,149,1,145.93,At-Risk,1
16897.0,82,2,289.78,Occasional,1
16898.0,151,1,116.07999999999998,At-Risk,1
16899.0,143,1,170.55,At-Risk,1
16904.0,8,6,1288.17,Regular,0
16905.0,19,3,853.93,Occasional,0
16906.0,31,1,114.64,Occasional,0
16907.0,17,3,584.0,Occasional,0
16912.0,73,3,757.64,Occasional,0
16913.0,73,1,113.44,Occasional,1
16915.0,31,2,166.79000000000002,Occasional,0
16916.0,155,1,198.08,At-Risk,1
16917.0,59,1,391.52,Occasional,0
16918.0,99,1,275.78,Occasional,1
16919.0,9,6,1475.0600000000002,Regular,0
16923.0,18,6,2593.8,Regular,0
16926.0,154,1,230.25000000000003,At-Risk,1
16927.0,59,2,341.45000000000005,Occasional,0
16928.0,17,5,844.56,Regular,0
16931.0,5,7,1510.92,Regular,0
16933.0,22,1,224.73,Occasional,0
16938.0,91,1,267.6,Occasional,1
16940.0,72,1,757.6800000000001,Occasional,1
16942.0,2,3,577.96,Occasional,0
16943.0,44,2,644.6300000000001,Occasional,0
16945.0,37,6,1456.5800000000002,Regular,0
16947.0,18,1,406.48,Occasional,0
16948.0,44,2,240.54,Occasional,0
16949.0,1,3,505.75000000000006,Occasional,0
16950.0,150,1,172.0,At-Risk,1
16951.0,87,1,1053.7900000000002,Occasional,1
16954.0,37,3,941.48,Occasional,0
16955.0,119,3,354.9800000000001,Occasional,1
16957.0,22,2,416.64,Occasional,0
16960.0,35,1,201.53,Occasional,0
16965.0,9,1,201.18999999999997,Occasional,0
16966.0,23,1,409.2,Occasional,0
16976.0,49,1,251.52,Occasional,0
16979.0,80,1,347.15,Occasional,1
16980.0,37,2,1078.9600000000005,Occasional,0
16983.0,54,3,622.34,Occasional,0
16985.0,51,4,2102.46,Occasional,0
16990.0,1,1,179.0,Occasional,0
16992.0,67,1,421.6,Occasional,0
16996.0,28,4,700.88,Occasional,0
16997.0,70,3,702.0,Occasional,0
16998.0,87,1,90.0,Occasional,1
17001.0,28,4,1419.59,Occasional,0
17002.0,73,1,513.0600000000001,Occasional,1
17007.0,140,2,207.12000000000003,At-Risk,1
17017.0,23,9,3902.68,Regular,0
17018.0,108,1,405.0,Occasional,1
17019.0,44,3,995.9299999999998,Occasional,0
17025.0,155,2,160.97,At-Risk,1
17026.0,152,1,33.15,At-Risk,1
17027.0,66,3,443.88,Occasional,0
17029.0,19,1,358.0,Occasional,0
17033.0,142,1,307.79999999999995,At-Risk,1
17034.0,70,1,141.79999999999998,Occasional,1
17035.0,28,2,433.53,Occasional,0
17041.0,143,1,304.50000000000006,At-Risk,1
17042.0,30,1,273.21,Occasional,0
17043.0,49,1,174.6,Occasional,0
17045.0,30,1,39.95,Occasional,0
17048.0,65,2,760.3999999999999,Occasional,0
17049.0,58,1,924.54,Occasional,0
17050.0,33,4,2200.84,Occasional,0
17054.0,18,2,612.3699999999999,Occasional,0
17058.0,22,1,582.72,Occasional,0
17059.0,43,2,1181.66,Occasional,0
17060.0,49,1,234.24,Occasional,0
17061.0,1,5,2483.53,Regular,0
17062.0,96,4,538.37,Occasional,1
17063.0,72,2,319.36999999999995,Occasional,0
17064.0,109,1,147.84999999999997,Occasional,1
17068.0,8,8,2031.75,Regular,0
17069.0,9,4,1073.07,Occasional,0
17071.0,22,3,791.83,Occasional,0
17075.0,36,3,696.0700000000003,Occasional,0
17076.0,56,2,334.19999999999993,Occasional,0
17080.0,52,1,76.32000000000001,Occasional,0
17082.0,101,1,636.94,Occasional,1
17083.0,78,2,996.02,Occasional,1
17085.0,33,4,1218.9,Occasional,0
17088.0,36,1,1015.83,Occasional,0
17090.0,10,3,649.05,Occasional,0
17091.0,22,3,1393.72,Occasional,0
17092.0,60,1,134.9,Occasional,0
17094.0,105,1,301.99999999999994,Occasional,1
17095.0,82,2,543.96,Occasional,1
17096.0,44,1,133.49,Occasional,0
17097.0,107,2,287.64,Occasional,1
17102.0,44,1,25.5,Occasional,0
17105.0,89,1,319.3999999999999,Occasional,1
17107.0,61,1,1695.21,Occasional,0
17109.0,14,2,464.5899999999999,Occasional,0
17114.0,32,3,400.39,Occasional,0
17115.0,16,1,310.02,Occasional,0
17117.0,71,1,116.2,Occasional,1
17118.0,100,1,157.02,Occasional,1
17120.0,16,1,307.46000000000004,Occasional,0
17126.0,82,2,515.27,Occasional,1
17128.0,117,1,157.08999999999995,Occasional,1
17133.0,29,2,1041.67,Occasional,0
17134.0,47,1,330.49999999999994,Occasional,0
17135.0,72,2,500.55000000000007,Occasional,0
17138.0,58,1,380.5,Occasional,0
17139.0,42,2,3348.04,Occasional,0
17140.0,30,1,465.32,Occasional,0
17142.0,21,1,578.9999999999999,Occasional,0
17146.0,46,2,563.88,Occasional,0
17147.0,94,1,409.5,Occasional,1
17152.0,45,1,315.9,Occasional,0
17158.0,15,2,698.5500000000001,Occasional,0
17160.0,8,2,1205.07,Occasional,0
17162.0,28,5,819.31,Regular,0
17164.0,56,1,627.1299999999999,Occasional,0
17165.0,66,1,158.68,Occasional,0
17171.0,71,1,224.91,Occasional,1
17175.0,79,1,519.08,Occasional,1
17179.0,14,2,488.3099999999999,Occasional,0
17180.0,23,3,564.86,Occasional,0
17181.0,156,1,155.52,At-Risk,1
17187.0,9,1,203.95,Occasional,0
17188.0,98,3,1424.44,Occasional,1
17189.0,141,1,227.22,At-Risk,1
17191.0,63,4,820.88,Occasional,0
17194.0,56,2,262.62,Occasional,0
17198.0,148,2,521.6600000000001,At-Risk,1
17204.0,24,2,1250.16,Occasional,0
17211.0,16,5,1253.9400000000005,Regular,0
17212.0,35,1,226.85,Occasional,0
17213.0,99,3,936.95,Occasional,1
17214.0,31,4,613.67,Occasional,0
17217.0,16,1,113.5,Occasional,0
17218.0,117,4,775.6299999999999,Occasional,1
17220.0,37,3,1055.25,Occasional,0
17223.0,92,2,426.79,Occasional,1
17226.0,91,1,393.49,Occasional,1
17227.0,39,2,366.15,Occasional,0
17228.0,94,3,479.38,Occasional,1
17230.0,46,8,3638.41,Regular,0
17231.0,45,4,962.5,Occasional,0
17235.0,155,1,341.9,At-Risk,1
17236.0,24,4,563.82,Occasional,0
17238.0,38,6,997.52,Regular,0
17239.0,95,1,382.50000000000006,Occasional,1
17243.0,19,11,2864.1,High-Value,0
17250.0,43,1,162.65000000000003,Occasional,0
17251.0,145,1,283.28,At-Risk,1
17255.0,82,1,112.46,Occasional,1
17256.0,95,1,127.9,Occasional,1
17259.0,151,1,381.64,At-Risk,1
17262.0,9,4,955.36,Occasional,0
17268.0,26,2,276.48,Occasional,0
17272.0,45,1,657.6800000000001,Occasional,0
17277.0,10,2,1065.35,Occasional,0
17278.0,24,1,246.04,Occasional,0
17282.0,82,1,741.85,Occasional,1
17284.0,18,2,928.45,Occasional,0
17287.0,35,3,367.94,Occasional,0
17288.0,35,4,417.82,Occasional,0
17291.0,91,1,550.8000000000001,Occasional,1
17293.0,90,2,469.35,Occasional,1
17302.0,88,1,182.85,Occasional,1
17303.0,144,1,250.04,At-Risk,1
17306.0,37,7,2743.96,Regular,0
17311.0,99,1,556.4599999999999,Occasional,1
17314.0,39,3,787.0,Occasional,0
17315.0,3,16,2219.39,High-Value,0
17320.0,19,2,910.1,Occasional,0
17323.0,75,1,141.69,Occasional,1
17324.0,114,2,702.2299999999999,Occasional,1
17325.0,63,1,96.8,Occasional,0
17329.0,98,1,243.36,Occasional,1
17334.0,85,2,307.02000000000004,Occasional,1
17337.0,33,2,1494.02,Occasional,0
17338.0,18,4,3343.2,Occasional,0
17339.0,148,1,60.0,At-Risk,1
17340.0,25,3,5195.07,Occasional,0
17341.0,149,1,513.5999999999999,At-Risk,1
17343.0,138,1,193.64,At-Risk,1
17346.0,20,4,576.8299999999999,Occasional,0
17348.0,80,1,160.15000000000003,Occasional,1
17351.0,55,1,198.6,Occasional,0
17356.0,94,1,178.21999999999997,Occasional,1
17358.0,85,2,365.85,Occasional,1
17361.0,74,1,45.0,Occasional,1
17362.0,22,2,312.23,Occasional,0
17364.0,38,3,1188.24,Occasional,0
17365.0,36,3,1286.26,Occasional,0
17367.0,21,1,168.39999999999998,Occasional,0
17368.0,42,3,888.9200000000001,Occasional,0
17371.0,144,1,97.63,At-Risk,1
17372.0,26,4,745.3000000000002,Occasional,0
17373.0,95,1,145.25,Occasional,1
17374.0,1,2,495.7699999999999,Occasional,0
17375.0,94,2,286.37,Occasional,1
17376.0,94,1,105.85,Occasional,1
17377.0,38,7,1597.6200000000003,Regular,0
17381.0,15,14,11548.81,High-Value,3
17384.0,1,1,227.65,Occasional,0
17388.0,70,1,381.6,Occasional,1
17389.0,20,9,4023.46,Regular,0
17392.0,89,2,457.91,Occasional,1
17394.0,2,1,203.86999999999995,Occasional,0
17396.0,154,1,397.5,At-Risk,1
17398.0,38,1,305.68,Occasional,0
17400.0,35,3,1068.7700000000002,Occasional,0
17402.0,16,4,784.3699999999999,Occasional,0
17404.0,53,5,11295.74,Regular,0
17406.0,116,3,2200.42,Occasional,1
17409.0,30,1,260.55,Occasional,0
17411.0,44,1,285.58000000000004,Occasional,0
17412.0,86,3,589.12,Occasional,1
17416.0,64,1,2114.71,Occasional,0
17418.0,106,1,167.39,Occasional,1
17419.0,32,7,2045.8,Regular,0
17420.0,156,1,130.85,At-Risk,1
17422.0,3,2,628.0700000000002,Occasional,0
17426.0,64,1,1193.88,Occasional,0
17428.0,24,10,5177.16,High-Value,0
17429.0,1,1,186.86,Occasional,0
17430.0,148,1,112.6,At-Risk,1
17431.0,96,1,403.3,Occasional,1
17436.0,9,1,122.4,Occasional,0
17438.0,36,1,388.4500000000001,Occasional,0
17440.0,30,2,124.62,Occasional,0
17442.0,3,2,814.83,Occasional,0
17443.0,2,1,534.24,Occasional,0
17446.0,93,1,68.1,Occasional,1
17449.0,17,3,1322.6900000000005,Occasional,0
17450.0,9,10,37734.58,High-Value,3
17454.0,16,3,413.53,Occasional,0
17456.0,148,1,249.86,At-Risk,1
17457.0,35,3,1030.4399999999998,Occasional,0
17460.0,8,5,462.5799999999999,Regular,0
17462.0,66,1,463.41,Occasional,0
17463.0,16,2,943.76,Occasional,0
17470.0,31,2,482.53,Occasional,0
17472.0,70,2,451.02,Occasional,0
17486.0,44,1,396.87,Occasional,0
17491.0,43,3,1189.86,Occasional,0
17492.0,31,1,374.57,Occasional,0
17496.0,141,1,271.05,At-Risk,1
17499.0,72,1,622.88,Occasional,1
17501.0,3,2,288.6,Occasional,0
17504.0,51,3,1646.44,Occasional,0
17507.0,44,2,605.58,Occasional,0
17508.0,63,1,387.31,Occasional,0
17511.0,2,14,33100.880000000005,High-Value,3
17512.0,1,5,1192.62,Regular,0
17515.0,51,2,432.18,Occasional,0
17516.0,68,2,327.83000000000004,Occasional,0
17517.0,91,1,153.94,Occasional,1
17519.0,44,2,648.7500000000001,Occasional,0
17524.0,144,1,145.0,At-Risk,1
17525.0,142,1,422.7,At-Risk,1
17526.0,73,3,872.8,Occasional,0
17527.0,1,1,292.11,Occasional,0
17530.0,9,5,1120.97,Regular,0
17535.0,63,1,164.39999999999998,Occasional,0
17537.0,86,1,630.7000000000002,Occasional,1
17540.0,99,1,268.8,Occasional,1
17542.0,52,1,170.75,Occasional,0
17548.0,16,1,103.3,Occasional,0
17550.0,26,1,156.22,Occasional,0
17551.0,142,1,306.84000000000003,At-Risk,1
17552.0,154,2,298.52,At-Risk,1
17555.0,117,1,195.45,Occasional,1
17560.0,93,1,162.1,Occasional,1
17567.0,16,4,1873.97,Occasional,0
17569.0,115,1,344.14,Occasional,1
17571.0,60,2,359.95,Occasional,0
17572.0,21,2,152.20000000000002,Occasional,0
17574.0,25,1,185.65,Occasional,0
17576.0,23,8,1292.88,Regular,0
17580.0,35,3,215.72,Occasional,0
17581.0,63,6,2064.9800000000005,Occasional,0
17582.0,19,1,175.27,Occasional,0
17585.0,45,2,521.5300000000001,Occasional,0
17588.0,15,1,397.2000000000001,Occasional,0
17589.0,23,1,590.77,Occasional,0
17591.0,49,4,1193.75,Occasional,0
17593.0,135,1,662.9,At-Risk,1
17594.0,37,1,315.0,Occasional,0
17596.0,31,2,746.91,Occasional,0
17601.0,21,1,116.01,Occasional,0
17602.0,106,1,767.05,Occasional,1
17604.0,95,1,136.24,Occasional,1
17609.0,84,2,537.69,Occasional,1
17611.0,25,5,1716.84,Regular,0
17612.0,80,1,305.46,Occasional,1
17613.0,10,5,2056.77,Regular,0
17615.0,5,1,153.75,Occasional,0
17616.0,37,2,408.0,Occasional,0
17618.0,31,2,666.78,Occasional,0
17619.0,95,1,218.51999999999995,Occasional,1
17621.0,95,2,901.78,Occasional,1
17625.0,40,1,549.6799999999998,Occasional,0
17629.0,33,2,505.0100000000001,Occasional,0
17630.0,15,1,335.49999999999994,Occasional,0
17631.0,15,1,302.55000000000007,Occasional,0
17634.0,18,3,1405.4400000000005,Occasional,0
17639.0,59,1,108.5,Occasional,0
17643.0,156,1,101.55,At-Risk,1
17644.0,43,1,442.47,Occasional,0
17646.0,2,3,1008.39,Occasional,0
17648.0,32,1,583.8700000000001,Occasional,0
17652.0,16,2,632.2399999999999,Occasional,0
17654.0,60,1,117.55,Occasional,0
17655.0,67,3,1296.7,Occasional,0
17659.0,81,3,474.94999999999993,Occasional,1
17663.0,17,2,560.2599999999999,Occasional,0
17667.0,81,1,928.05,Occasional,1
17669.0,22,2,991.5,Occasional,0
17670.0,10,1,205.7,Occasional,0
17671.0,148,1,394.18000000000006,At-Risk,1
17672.0,92,1,1177.84,Occasional,1
17673.0,49,2,780.06,Occasional,0
17674.0,151,1,300.66,At-Risk,1
17675.0,1,11,6779.15,High-Value,0
17676.0,149,1,300.7,At-Risk,1
17677.0,22,9,4447.65,Regular,0
17678.0,46,1,298.11,Occasional,0
17682.0,30,2,757.29,Occasional,0
17685.0,49,5,1512.7200000000005,Regular,0
17686.0,85,1,1592.61,Occasional,1
17690.0,29,7,1989.65,Regular,0
17691.0,140,2,290.4,At-Risk,1
17692.0,9,3,623.4599999999999,Occasional,0
17696.0,60,3,493.84,Occasional,0
17697.0,19,1,338.95000000000005,Occasional,0
17698.0,43,1,154.95,Occasional,0
17700.0,63,1,602.6099999999999,Occasional,0
17701.0,35,1,417.9500000000001,Occasional,0
17704.0,22,1,387.2900000000001,Occasional,0
17705.0,44,2,250.3,Occasional,0
17706.0,72,4,888.8499999999999,Occasional,0
17707.0,119,1,83.7,Occasional,1
17708.0,107,1,110.6,Occasional,1
17711.0,72,1,220.53000000000003,Occasional,1
17714.0,103,1,153.0,Occasional,1
17716.0,32,2,1451.62,Occasional,0
17718.0,15,1,139.35,Occasional,0
17719.0,16,3,1361.21,Occasional,0
17720.0,8,2,532.38,Occasional,0
17722.0,107,2,1743.5800000000002,Occasional,1
17725.0,9,3,955.16,Occasional,0
17730.0,16,4,1445.3900000000006,Occasional,0
17732.0,155,1,303.97,At-Risk,1
17733.0,44,1,216.95,Occasional,0
17734.0,16,1,112.98,Occasional,0
17735.0,1,8,5019.01,Regular,0
17738.0,64,1,779.9200000000001,Occasional,0
17739.0,116,2,682.5900000000001,Occasional,1
17742.0,115,1,302.57,Occasional,1
17744.0,33,4,1288.9599999999998,Occasional,0
17746.0,23,1,110.25,Occasional,0
17749.0,39,1,369.01,Occasional,0
17752.0,141,1,80.64,At-Risk,1
17754.0,43,1,264.23999999999995,Occasional,0
17757.0,3,13,2105.8300000000004,High-Value,0
17758.0,33,1,583.7900000000002,Occasional,0
17760.0,156,1,172.54,At-Risk,1
17763.0,46,1,15.0,Occasional,0
17765.0,39,1,121.25,Occasional,0
17769.0,61,2,884.76,Occasional,0
17770.0,58,2,864.77,Occasional,0
17771.0,106,1,115.8,Occasional,1
17774.0,32,2,594.9900000000001,Occasional,0
17775.0,37,1,56.4,Occasional,0
17781.0,35,1,102.0,Occasional,0
17783.0,30,1,112.41,Occasional,0
17786.0,100,1,114.85,Occasional,1
17787.0,87,3,1716.1699999999998,Occasional,1
17789.0,64,1,225.9,Occasional,0
17790.0,29,7,623.42,Regular,0
17795.0,47,1,163.25,Occasional,0
17796.0,96,3,622.0000000000001,Occasional,1
17799.0,24,6,1388.33,Regular,0
17800.0,56,2,239.7,Occasional,0
17802.0,155,1,100.2,At-Risk,1
17809.0,28,5,2131.7,Regular,0
17811.0,1,15,3580.71,High-Value,0
17812.0,151,1,217.55,At-Risk,1
17816.0,52,2,21.31,Occasional,0
17817.0,59,2,269.7,Occasional,0
17819.0,23,4,2025.9600000000005,Occasional,0
17827.0,24,4,1583.81,Occasional,0
17829.0,81,1,889.24,Occasional,1
17830.0,44,2,287.65,Occasional,0
17838.0,75,3,1687.7000000000005,Occasional,0
17841.0,3,38,9017.31,High-Value,3
17843.0,86,1,205.48,Occasional,1
17848.0,31,4,388.37,Occasional,0
17849.0,1,4,605.8000000000001,Occasional,0
17850.0,155,34,5391.210000000001,At-Risk,3
17854.0,9,1,111.76,Occasional,0
17855.0,155,1,208.97,At-Risk,1
17856.0,16,3,1142.63,Occasional,0
17857.0,3,8,8624.84,Regular,0
17858.0,43,6,2619.8,Regular,0
17859.0,87,1,148.21,Occasional,1
17860.0,151,1,252.8,At-Risk,1
17861.0,36,2,457.98,Occasional,0
17862.0,106,1,330.9,Occasional,1
17863.0,37,3,1371.9,Occasional,0
17864.0,58,1,208.41,Occasional,0
17865.0,22,6,3298.77,Regular,0
17867.0,71,1,25.5,Occasional,1
17869.0,28,2,305.41,Occasional,0
17870.0,149,1,326.4,At-Risk,1
17873.0,23,3,1190.98,Occasional,0
17874.0,7,5,560.7,Regular,0
17880.0,147,1,458.92,At-Risk,1
17881.0,86,1,133.35000000000002,Occasional,1
17883.0,28,1,119.35,Occasional,0
17884.0,94,3,602.84,Occasional,1
17886.0,32,1,223.19,Occasional,0
17888.0,100,2,122.13,Occasional,1
17889.0,104,1,101.85,Occasional,1
17890.0,105,2,602.0900000000001,Occasional,1
17893.0,8,1,112.25,Occasional,0
17894.0,68,6,867.85,Occasional,0
17897.0,149,2,434.62,At-Risk,1
17905.0,134,2,394.15,At-Risk,1
17906.0,29,1,72.9,Occasional,0
17908.0,156,1,243.28,At-Risk,1
17912.0,93,5,311.01,Occasional,1
17913.0,138,1,218.05,At-Risk,1
17917.0,38,2,230.46,Occasional,0
17920.0,19,4,1313.69,Occasional,0
17921.0,49,1,280.56999999999994,Occasional,0
17923.0,65,1,207.50000000000003,Occasional,0
17924.0,84,2,502.2000000000001,Occasional,1
17925.0,155,1,244.08,At-Risk,1
17928.0,28,1,78.25999999999999,Occasional,0
17929.0,37,2,435.0,Occasional,0
17930.0,21,1,390.6,Occasional,0
17931.0,38,1,297.2,Occasional,0
17937.0,40,4,3327.48,Occasional,0
17940.0,28,4,3353.9400000000005,Occasional,0
17946.0,15,2,149.58,Occasional,0
17949.0,9,7,5808.6,Regular,0
17950.0,148,2,263.17,At-Risk,1
17951.0,141,2,409.50000000000006,At-Risk,1
17954.0,9,7,1181.3000000000002,Regular,0
17955.0,1,3,394.1,Occasional,0
17956.0,32,1,12.75,Occasional,0
17961.0,2,16,749.0799999999999,High-Value,0
17964.0,155,1,261.76,At-Risk,1
17965.0,35,6,1330.0299999999995,Regular,0
17966.0,43,1,147.0,Occasional,0
17967.0,154,1,123.07,At-Risk,1
17968.0,156,1,277.35,At-Risk,1
17969.0,144,1,125.2,At-Risk,1
17972.0,24,1,136.04,Occasional,0
17974.0,2,1,172.76999999999998,Occasional,0
17975.0,10,6,2633.6400000000003,Regular,0
17976.0,155,1,353.19000000000005,At-Risk,1
17978.0,148,1,300.92,At-Risk,1
17979.0,42,2,241.67,Occasional,0
17980.0,141,1,295.2,At-Risk,1
17988.0,109,1,64.99,Occasional,1
17990.0,19,3,630.84,Occasional,0
17991.0,7,2,93.35,Occasional,0
17994.0,56,2,329.15000000000003,Occasional,0
17995.0,64,1,76.1,Occasional,0
17999.0,149,1,190.34,At-Risk,1
18004.0,145,1,169.47,At-Risk,1
18008.0,15,5,1668.41,Regular,0
18009.0,18,1,257.34,Occasional,0
18010.0,39,1,174.79999999999998,Occasional,0
18011.0,155,1,102.79,At-Risk,1
18016.0,98,2,324.75,Occasional,1
18017.0,93,1,165.0,Occasional,1
18032.0,117,1,73.5,Occasional,1
18036.0,28,1,110.8,Occasional,0
18037.0,7,5,60.82,Regular,0
18040.0,28,1,239.00000000000003,Occasional,0
18041.0,2,12,2374.8500000000004,High-Value,0
18043.0,149,1,316.46,At-Risk,1
18044.0,32,4,559.7700000000001,Occasional,0
18050.0,142,1,74.4,At-Risk,1
18055.0,74,5,2394.03,Occasional,0
18056.0,71,1,363.65,Occasional,1
18061.0,28,4,1031.13,Occasional,0
18062.0,3,2,485.92,Occasional,0
18064.0,18,1,408.0,Occasional,0
18065.0,2,6,1147.7300000000002,Regular,0
18068.0,72,1,101.7,Occasional,1
18069.0,17,2,689.56,Occasional,0
18071.0,40,2,453.0,Occasional,0
18074.0,156,1,489.6,At-Risk,1
18075.0,44,5,1129.1800000000003,Regular,0
18077.0,9,4,879.3800000000001,Occasional,0
18078.0,42,1,197.94,Occasional,0
18079.0,21,1,1612.83,Occasional,0
18080.0,25,1,841.4999999999999,Occasional,0
18085.0,113,2,689.9499999999999,Occasional,1
18086.0,57,1,101.34,Occasional,0
18087.0,73,1,3202.92,Occasional,1
18092.0,10,5,3996.24,Regular,0
18093.0,80,2,1117.5200000000002,Occasional,1
18094.0,1,3,1777.2000000000005,Occasional,0
18095.0,95,2,580.05,Occasional,1
18097.0,122,2,657.1800000000001,At-Risk,1
18102.0,16,9,46476.37,Regular,3
18106.0,112,1,430.7,Occasional,1
18108.0,37,1,271.0,Occasional,0
18109.0,24,9,1866.15,Regular,0
18113.0,151,1,76.32000000000001,At-Risk,1
18114.0,73,1,220.1,Occasional,1
18116.0,16,7,1254.47,Regular,0
18118.0,2,12,2768.21,High-Value,0
18119.0,150,1,181.11999999999995,At-Risk,1
18125.0,78,2,732.2099999999999,Occasional,1
18129.0,26,1,112.55,Occasional,0
18136.0,102,1,288.99,Occasional,1
18138.0,78,1,152.65,Occasional,1
18144.0,10,6,1316.9499999999998,Regular,0
18145.0,95,1,609.01,Occasional,1
18146.0,2,1,76.65,Occasional,0
18149.0,56,1,227.78,Occasional,0
18151.0,72,1,312.55,Occasional,1
18155.0,74,1,113.93,Occasional,1
18156.0,152,1,206.23,At-Risk,1
18159.0,84,1,530.1500000000001,Occasional,1
18161.0,35,2,546.32,Occasional,0
18168.0,50,4,863.1200000000001,Occasional,0
18171.0,21,2,464.59,Occasional,0
18172.0,10,4,2407.2000000000003,Occasional,0
18173.0,17,2,1276.84,Occasional,0
18176.0,140,1,476.35,At-Risk,1
18177.0,15,3,402.35,Occasional,0
18178.0,2,3,1099.94,Occasional,0
18179.0,35,4,1103.16,Occasional,0
18183.0,10,2,632.0700000000002,Occasional,0
18185.0,32,1,304.25,Occasional,0
18188.0,73,1,426.6,Occasional,1
18189.0,50,1,633.1,Occasional,0
18190.0,113,1,171.45999999999998,Occasional,1
18191.0,44,1,207.8,Occasional,0
18196.0,72,1,450.78,Occasional,1
18198.0,1,8,2449.3700000000013,Regular,0
18202.0,94,1,485.73,Occasional,1
18210.0,49,1,142.39999999999998,Occasional,0
18211.0,61,1,137.9,Occasional,0
18212.0,108,1,248.42,Occasional,1
18213.0,19,1,232.48,Occasional,0
18218.0,64,1,309.38,Occasional,0
18219.0,18,4,684.69,Occasional,0
18220.0,9,1,305.28000000000003,Occasional,0
18223.0,35,6,2165.8300000000004,Regular,0
18224.0,46,1,158.95000000000002,Occasional,0
18225.0,45,4,1080.86,Occasional,0
18226.0,9,4,1895.32,Occasional,0
18229.0,1,7,2389.7,Regular,0
18230.0,35,2,851.0400000000001,Occasional,0
18231.0,18,4,1412.25,Occasional,0
18233.0,108,1,440.0,Occasional,1
18236.0,23,1,123.2,Occasional,0
18239.0,1,5,1561.61,Regular,0
18245.0,95,2,804.9100000000001,Occasional,1
18246.0,16,1,232.9,Occasional,0
18250.0,93,1,349.27000000000004,Occasional,1
18257.0,73,2,363.8,Occasional,1
18259.0,149,1,376.30000000000007,At-Risk,1
18260.0,23,4,1788.1,Occasional,0
18263.0,35,1,307.6,Occasional,0
18269.0,149,1,168.6,At-Risk,1
18270.0,49,1,111.95,Occasional,0
18272.0,7,2,980.54,Occasional,0
18273.0,40,1,51.0,Occasional,0
18280.0,60,1,180.6,Occasional,0
18283.0,14,4,435.58,Occasional,0
